{
  "n_off": [
    0,
    500,
    1000,
    2000,
    4000,
    6000,
    10000,
    15000
  ],
  "reward_model": "Bernoulli",
  "confidence_sets": "regression_Hoeffding",
  "confidence_delta": 0.05,
  "gamma_exp3": 0.01,
  "game_seed": 4098,
  "data_quality": "good",
  "tfw_baseline_mean": [
    7359.125,
    7359.125,
    7359.125,
    7359.125,
    7359.125,
    7359.125,
    7359.125,
    7359.125
  ],
  "tfw_baseline_std": [
    90.60296208805998,
    90.60296208805998,
    90.60296208805998,
    90.60296208805998,
    90.60296208805998,
    90.60296208805998,
    90.60296208805998,
    90.60296208805998
  ],
  "tfw_hybrid_mean": [
    7355.541666666667,
    7395.625,
    7047.833333333333,
    6936.625,
    6468.458333333333,
    6253.166666666667,
    4609.875,
    4141.708333333333
  ],
  "tfw_hybrid_std": [
    87.8679736713067,
    207.53162409618443,
    468.79296131630446,
    826.2424011358789,
    1005.0396911550814,
    903.1295186938758,
    1297.218104168535,
    797.4079463931962
  ],
  "tfw_gated_mean": [
    7393.708333333333,
    7371.083333333333,
    7355.541666666667,
    7327.458333333333,
    7340.916666666667,
    7356.166666666667,
    7368.458333333333,
    7354.208333333333
  ],
  "tfw_gated_std": [
    67.75112973013916,
    89.65533843639724,
    87.8679736713067,
    90.25855573882163,
    72.05970752976563,
    120.73314687203009,
    83.59996836210483,
    92.75445807482045
  ],
  "tfw_etc_mean": [
    8000.0,
    7960.416666666667,
    7821.166666666667,
    7529.083333333333,
    6709.5,
    6468.625,
    6359.625,
    6233.833333333333
  ],
  "tfw_etc_std": [
    0.0,
    150.5488268813886,
    254.53105502278987,
    428.0864314056487,
    335.6527708938147,
    495.8731265240088,
    432.0012895008935,
    510.40381853098876
  ],
  "convergence_baseline_mean": [
    8000.0,
    8000.0,
    8000.0,
    8000.0,
    8000.0,
    8000.0,
    8000.0,
    8000.0
  ],
  "convergence_hybrid_mean": [
    8000.0,
    8000.0,
    7845.458333333333,
    7375.791666666667,
    5245.958333333333,
    3699.375,
    4576.083333333333,
    1836.1666666666667
  ],
  "theorem1_offline_transfer_rate_gated_mean": [
    NaN,
    0.0,
    0.0,
    0.0,
    0.0,
    0.0,
    0.0,
    0.0
  ],
  "offline_m0_nonempty_rate_gated_mean": [
    NaN,
    0.0,
    0.0,
    0.125,
    0.9166666666666666,
    1.0,
    1.0,
    1.0
  ],
  "c_man_per_noff": {
    "500": {
      "c_man": 8.485281374238571,
      "lhs": 1.1384199576606167,
      "threshold": 0.005941613177481209
    },
    "1000": {
      "c_man": 8.485281374238571,
      "lhs": 0.8049844718999244,
      "threshold": 0.005941613177481209
    },
    "2000": {
      "c_man": 8.485281374238571,
      "lhs": 0.5692099788303083,
      "threshold": 0.005941613177481209
    },
    "4000": {
      "c_man": 8.485281374238571,
      "lhs": 0.4024922359499622,
      "threshold": 0.005941613177481209
    },
    "6000": {
      "c_man": 8.485281374238571,
      "lhs": 0.32863353450309973,
      "threshold": 0.005941613177481209
    },
    "10000": {
      "c_man": 8.48528137423857,
      "lhs": 0.2545584412271571,
      "threshold": 0.005941613177481209
    },
    "15000": {
      "c_man": 8.48528137423857,
      "lhs": 0.20784609690826525,
      "threshold": 0.005941613177481209
    }
  },
  "delta3": 0.023766452709924835
}