{
  "n_off_fixed": 2000,
  "game_seed": 4098,
  "tfw_hybrid_good_mean": 6671.125,
  "tfw_hybrid_good_std": 724.4247680506357,
  "tfw_hybrid_neutral_mean": 6570.458333333333,
  "tfw_hybrid_neutral_std": 901.9266806780031,
  "tfw_hybrid_adversarial_mean": 7365.958333333333,
  "tfw_hybrid_adversarial_std": 81.2770244912111,
  "tfw_gated_good_mean": 7358.25,
  "tfw_gated_good_std": 94.64866383218197,
  "tfw_gated_neutral_mean": 7358.25,
  "tfw_gated_neutral_std": 94.64866383218197,
  "tfw_gated_adversarial_mean": 7358.25,
  "tfw_gated_adversarial_std": 94.64866383218197,
  "tfw_etc_good_mean": 7479.125,
  "tfw_etc_good_std": 502.01371127126384,
  "tfw_etc_neutral_mean": 6666.541666666667,
  "tfw_etc_neutral_std": 339.7309650638111,
  "tfw_etc_adversarial_mean": 7382.083333333333,
  "tfw_etc_adversarial_std": 247.82355516123485,
  "tfw_baseline_good_mean": 7333.291666666667,
  "tfw_baseline_good_std": 74.57501572922726,
  "tfw_baseline_neutral_mean": 7333.291666666667,
  "tfw_baseline_neutral_std": 74.57501572922726,
  "tfw_baseline_adversarial_mean": 7333.291666666667,
  "tfw_baseline_adversarial_std": 74.57501572922726
}