{
  "n_off": [
    0,
    200,
    500,
    1000,
    2000,
    3000,
    5000,
    8000
  ],
  "reward_model": "Bernoulli",
  "confidence_sets": "regression_Hoeffding",
  "confidence_delta": 0.05,
  "gamma_exp3": 0.01,
  "game_seed": 3043,
  "data_quality": "good",
  "tfw_baseline_mean": [
    3051.375,
    3051.375,
    3051.375,
    3051.375,
    3051.375,
    3051.375,
    3051.375,
    3051.375
  ],
  "tfw_baseline_std": [
    209.63276637761194,
    209.63276637761194,
    209.63276637761194,
    209.63276637761194,
    209.63276637761194,
    209.63276637761194,
    209.63276637761194,
    209.63276637761194
  ],
  "tfw_hybrid_mean": [
    3086.125,
    3309.1666666666665,
    3420.2916666666665,
    2630.2916666666665,
    774.7916666666666,
    459.5833333333333,
    1579.9583333333333,
    3486.1666666666665
  ],
  "tfw_hybrid_std": [
    212.69968878373012,
    231.388937893993,
    199.92878714066225,
    1072.7840043212502,
    946.1003246354808,
    51.22831814250927,
    1625.0463934291545,
    922.4262744978907
  ],
  "tfw_gated_mean": [
    3198.9583333333335,
    3108.875,
    3086.125,
    3153.25,
    3066.2916666666665,
    3109.375,
    3151.2916666666665,
    3096.8333333333335
  ],
  "tfw_gated_std": [
    213.43433552198238,
    226.69828876821012,
    212.69968878373012,
    234.97497554087496,
    160.89085665016268,
    233.35824530573998,
    221.75769760997107,
    196.70562129556785
  ],
  "tfw_etc_mean": [
    2055.75,
    3286.9583333333335,
    2662.625,
    1742.5833333333333,
    2488.875,
    2873.125,
    3355.75,
    3792.0833333333335
  ],
  "tfw_etc_std": [
    156.51843897487106,
    1105.4385900850737,
    1166.1781433196738,
    1729.0916166706093,
    1749.4134498391913,
    1584.6035387439977,
    1125.2105986455815,
    168.59184483517444
  ],
  "convergence_baseline_mean": [
    5000.0,
    5000.0,
    5000.0,
    5000.0,
    5000.0,
    5000.0,
    5000.0,
    5000.0
  ],
  "convergence_hybrid_mean": [
    5000.0,
    5000.0,
    5000.0,
    3777.5,
    900.2916666666666,
    461.125,
    1998.2083333333333,
    4623.833333333333
  ],
  "theorem1_offline_transfer_rate_gated_mean": [
    NaN,
    0.0,
    0.0,
    0.0,
    0.0,
    0.0,
    0.0,
    0.0
  ],
  "offline_m0_nonempty_rate_gated_mean": [
    NaN,
    0.0,
    0.08333333333333333,
    0.8333333333333334,
    1.0,
    1.0,
    1.0,
    1.0
  ],
  "c_man_per_noff": {
    "200": {
      "c_man": 5.656854249492381,
      "lhs": 0.8,
      "threshold": 0.0052989420274032195
    },
    "500": {
      "c_man": 5.656854249492381,
      "lhs": 0.5059644256269408,
      "threshold": 0.0052989420274032195
    },
    "1000": {
      "c_man": 5.656854249492381,
      "lhs": 0.35777087639996635,
      "threshold": 0.0052989420274032195
    },
    "2000": {
      "c_man": 5.656854249492381,
      "lhs": 0.2529822128134704,
      "threshold": 0.0052989420274032195
    },
    "3000": {
      "c_man": 5.656854249492381,
      "lhs": 0.2065591117977289,
      "threshold": 0.0052989420274032195
    },
    "5000": {
      "c_man": 5.656854249492381,
      "lhs": 0.16,
      "threshold": 0.0052989420274032195
    },
    "8000": {
      "c_man": 5.656854249492381,
      "lhs": 0.1264911064067352,
      "threshold": 0.0052989420274032195
    }
  },
  "delta3": 0.021195768109612878
}