{
  "n_off_fixed": 1000,
  "game_seed": 3043,
  "tfw_hybrid_good_mean": 2939.5833333333335,
  "tfw_hybrid_good_std": 859.9676392630772,
  "tfw_hybrid_neutral_mean": 3345.375,
  "tfw_hybrid_neutral_std": 333.8228914051386,
  "tfw_hybrid_adversarial_mean": 2990.25,
  "tfw_hybrid_adversarial_std": 367.2349384249816,
  "tfw_gated_good_mean": 3090.875,
  "tfw_gated_good_std": 233.77977606211402,
  "tfw_gated_neutral_mean": 3090.875,
  "tfw_gated_neutral_std": 233.77977606211402,
  "tfw_gated_adversarial_mean": 3090.875,
  "tfw_gated_adversarial_std": 233.77977606211402,
  "tfw_etc_good_mean": 2242.4166666666665,
  "tfw_etc_good_std": 1816.878113608655,
  "tfw_etc_neutral_mean": 4316.083333333333,
  "tfw_etc_neutral_std": 97.59451012120047,
  "tfw_etc_adversarial_mean": 2627.75,
  "tfw_etc_adversarial_std": 1080.1573657493655,
  "tfw_baseline_good_mean": 3086.1666666666665,
  "tfw_baseline_good_std": 243.5924369973724,
  "tfw_baseline_neutral_mean": 3086.1666666666665,
  "tfw_baseline_neutral_std": 243.5924369973724,
  "tfw_baseline_adversarial_mean": 3086.1666666666665,
  "tfw_baseline_adversarial_std": 243.5924369973724
}