{
  "n_off": [
    0,
    500,
    1000,
    2000,
    4000,
    6000,
    10000,
    15000
  ],
  "reward_model": "Bernoulli",
  "confidence_sets": "regression_Hoeffding",
  "confidence_delta": 0.05,
  "gamma_exp3": 0.01,
  "game_seed": 3043,
  "data_quality": "good",
  "tfw_baseline_mean": [
    6512.041666666667,
    6512.041666666667,
    6512.041666666667,
    6512.041666666667,
    6512.041666666667,
    6512.041666666667,
    6512.041666666667,
    6512.041666666667
  ],
  "tfw_baseline_std": [
    116.16535409817173,
    116.16535409817173,
    116.16535409817173,
    116.16535409817173,
    116.16535409817173,
    116.16535409817173,
    116.16535409817173,
    116.16535409817173
  ],
  "tfw_hybrid_mean": [
    6550.458333333333,
    6601.5,
    6670.333333333333,
    6691.875,
    6740.0,
    6821.125,
    6712.625,
    5779.458333333333
  ],
  "tfw_hybrid_std": [
    148.33774012343432,
    170.2307896331637,
    156.35151774590892,
    186.88297023864266,
    240.21475898616765,
    158.8078720258895,
    546.1749848999264,
    1062.123794437421
  ],
  "tfw_gated_mean": [
    6591.375,
    6520.708333333333,
    6550.458333333333,
    6518.5,
    6534.083333333333,
    6551.708333333333,
    6555.125,
    6558.041666666667
  ],
  "tfw_gated_std": [
    158.03489226722382,
    138.91175777908566,
    148.33774012343432,
    165.8684654359802,
    179.92919299756122,
    185.06531847282804,
    160.68016097339083,
    126.57305131362118
  ],
  "tfw_etc_mean": [
    7407.75,
    7183.291666666667,
    7111.083333333333,
    6691.125,
    6703.833333333333,
    6819.958333333333,
    6726.0,
    6767.708333333333
  ],
  "tfw_etc_std": [
    21.49671360120365,
    668.0668073314008,
    707.3736431437721,
    742.8368252268081,
    478.5070683832723,
    194.83493106298687,
    299.74293333948094,
    129.44983220526404
  ],
  "convergence_baseline_mean": [
    8000.0,
    8000.0,
    8000.0,
    8000.0,
    8000.0,
    8000.0,
    8000.0,
    8000.0
  ],
  "convergence_hybrid_mean": [
    8000.0,
    8000.0,
    8000.0,
    8000.0,
    7350.166666666667,
    7675.083333333333,
    6382.083333333333,
    5698.708333333333
  ],
  "theorem1_offline_transfer_rate_gated_mean": [
    NaN,
    0.0,
    0.0,
    0.0,
    0.0,
    0.0,
    0.0,
    0.0
  ],
  "offline_m0_nonempty_rate_gated_mean": [
    NaN,
    0.0,
    0.0,
    0.25,
    0.8333333333333334,
    1.0,
    1.0,
    1.0
  ],
  "c_man_per_noff": {
    "500": {
      "c_man": 8.485281374238571,
      "lhs": 1.1384199576606167,
      "threshold": 0.0025167308229117336
    },
    "1000": {
      "c_man": 8.485281374238571,
      "lhs": 0.8049844718999244,
      "threshold": 0.0025167308229117336
    },
    "2000": {
      "c_man": 8.485281374238571,
      "lhs": 0.5692099788303083,
      "threshold": 0.0025167308229117336
    },
    "4000": {
      "c_man": 8.485281374238571,
      "lhs": 0.4024922359499622,
      "threshold": 0.0025167308229117336
    },
    "6000": {
      "c_man": 8.485281374238571,
      "lhs": 0.32863353450309973,
      "threshold": 0.0025167308229117336
    },
    "10000": {
      "c_man": 8.48528137423857,
      "lhs": 0.2545584412271571,
      "threshold": 0.0025167308229117336
    },
    "15000": {
      "c_man": 8.48528137423857,
      "lhs": 0.20784609690826525,
      "threshold": 0.0025167308229117336
    }
  },
  "delta3": 0.010066923291646934
}