{
  "n_off_fixed": 2000,
  "game_seed": 3043,
  "tfw_hybrid_good_mean": 6686.791666666667,
  "tfw_hybrid_good_std": 144.99084803701493,
  "tfw_hybrid_neutral_mean": 6492.541666666667,
  "tfw_hybrid_neutral_std": 151.75007461259295,
  "tfw_hybrid_adversarial_mean": 6467.666666666667,
  "tfw_hybrid_adversarial_std": 158.93686651067424,
  "tfw_gated_good_mean": 6560.416666666667,
  "tfw_gated_good_std": 150.17784143465045,
  "tfw_gated_neutral_mean": 6560.416666666667,
  "tfw_gated_neutral_std": 150.17784143465045,
  "tfw_gated_adversarial_mean": 6560.416666666667,
  "tfw_gated_adversarial_std": 150.17784143465045,
  "tfw_etc_good_mean": 6707.0,
  "tfw_etc_good_std": 541.3551434172838,
  "tfw_etc_neutral_mean": 6698.958333333333,
  "tfw_etc_neutral_std": 332.02271781450065,
  "tfw_etc_adversarial_mean": 6713.291666666667,
  "tfw_etc_adversarial_std": 887.247550337396,
  "tfw_baseline_good_mean": 6561.041666666667,
  "tfw_baseline_good_std": 149.32208525508725,
  "tfw_baseline_neutral_mean": 6561.041666666667,
  "tfw_baseline_neutral_std": 149.32208525508725,
  "tfw_baseline_adversarial_mean": 6561.041666666667,
  "tfw_baseline_adversarial_std": 149.32208525508725
}