{
  "n_off": [
    0,
    500,
    1000,
    2000,
    4000,
    6000,
    10000,
    15000
  ],
  "reward_model": "Bernoulli",
  "confidence_sets": "regression_Hoeffding",
  "confidence_delta": 0.05,
  "gamma_exp3": 0.01,
  "game_seed": 9153,
  "data_quality": "good",
  "tfw_baseline_mean": [
    4251.375,
    4251.375,
    4251.375,
    4251.375,
    4251.375,
    4251.375,
    4251.375,
    4251.375
  ],
  "tfw_baseline_std": [
    234.5522677450547,
    234.5522677450547,
    234.5522677450547,
    234.5522677450547,
    234.5522677450547,
    234.5522677450547,
    234.5522677450547,
    234.5522677450547
  ],
  "tfw_hybrid_mean": [
    4212.625,
    4422.25,
    4153.833333333333,
    3343.9583333333335,
    3674.625,
    2474.1666666666665,
    2319.625,
    649.2916666666666
  ],
  "tfw_hybrid_std": [
    308.52704940959603,
    844.2548682765743,
    1174.8706743507028,
    2060.7253994895705,
    2631.086299255582,
    2741.0222730669807,
    3154.533381224689,
    1060.9815996095997
  ],
  "tfw_gated_mean": [
    4238.083333333333,
    4197.166666666667,
    4212.625,
    4241.166666666667,
    4111.625,
    4056.0416666666665,
    4762.666666666667,
    6807.0
  ],
  "tfw_gated_std": [
    329.6358882776263,
    252.42660003612357,
    308.52704940959603,
    267.70143438355814,
    291.4258519313498,
    851.4572408353896,
    2022.1493228883894,
    863.5846425120172
  ],
  "tfw_etc_mean": [
    7574.25,
    7771.75,
    6611.125,
    6088.25,
    5230.166666666667,
    2064.9583333333335,
    5549.208333333333,
    7050.625
  ],
  "tfw_etc_std": [
    25.0013043138014,
    474.4060130493619,
    1983.25745028991,
    2311.467297025288,
    2732.4485701300578,
    2817.3501963055974,
    2828.966533977085,
    141.21485711342564
  ],
  "convergence_baseline_mean": [
    7171.416666666667,
    7171.416666666667,
    7171.416666666667,
    7171.416666666667,
    7171.416666666667,
    7171.416666666667,
    7171.416666666667,
    7171.416666666667
  ],
  "convergence_hybrid_mean": [
    6928.583333333333,
    6640.541666666667,
    6096.208333333333,
    4884.125,
    3811.9166666666665,
    2602.625,
    2212.2916666666665,
    509.4583333333333
  ],
  "theorem1_offline_transfer_rate_gated_mean": [
    NaN,
    0.0,
    0.0,
    0.0,
    0.0,
    0.041666666666666664,
    0.4166666666666667,
    0.9166666666666666
  ],
  "offline_m0_nonempty_rate_gated_mean": [
    NaN,
    0.0,
    0.041666666666666664,
    0.08333333333333333,
    0.5416666666666666,
    1.0,
    1.0,
    1.0
  ],
  "c_man_per_noff": {
    "500": {
      "c_man": 8.485281374238571,
      "lhs": 1.1384199576606167,
      "threshold": 0.0976856397695896
    },
    "1000": {
      "c_man": 8.485281374238571,
      "lhs": 0.8049844718999244,
      "threshold": 0.0976856397695896
    },
    "2000": {
      "c_man": 8.485281374238571,
      "lhs": 0.5692099788303083,
      "threshold": 0.0976856397695896
    },
    "4000": {
      "c_man": 8.485281374238571,
      "lhs": 0.4024922359499622,
      "threshold": 0.0976856397695896
    },
    "6000": {
      "c_man": 8.485281374238571,
      "lhs": 0.32863353450309973,
      "threshold": 0.0976856397695896
    },
    "10000": {
      "c_man": 8.48528137423857,
      "lhs": 0.2545584412271571,
      "threshold": 0.0976856397695896
    },
    "15000": {
      "c_man": 8.48528137423857,
      "lhs": 0.20784609690826525,
      "threshold": 0.0976856397695896
    }
  },
  "delta3": 0.3907425590783584
}