{
  "n_off_fixed": 2000,
  "game_seed": 9153,
  "tfw_hybrid_good_mean": 3865.9166666666665,
  "tfw_hybrid_good_std": 2404.8533520627693,
  "tfw_hybrid_neutral_mean": 3898.4583333333335,
  "tfw_hybrid_neutral_std": 1377.9181833213236,
  "tfw_hybrid_adversarial_mean": 3596.0,
  "tfw_hybrid_adversarial_std": 285.5982279813496,
  "tfw_gated_good_mean": 4043.3333333333335,
  "tfw_gated_good_std": 285.02794167630634,
  "tfw_gated_neutral_mean": 4043.3333333333335,
  "tfw_gated_neutral_std": 285.02794167630634,
  "tfw_gated_adversarial_mean": 4043.3333333333335,
  "tfw_gated_adversarial_std": 285.02794167630634,
  "tfw_etc_good_mean": 5437.916666666667,
  "tfw_etc_good_std": 2627.023425801556,
  "tfw_etc_neutral_mean": 6794.916666666667,
  "tfw_etc_neutral_std": 1391.544931758026,
  "tfw_etc_adversarial_mean": 4883.0,
  "tfw_etc_adversarial_std": 2153.3750253961803,
  "tfw_baseline_good_mean": 4083.625,
  "tfw_baseline_good_std": 271.5555532082908,
  "tfw_baseline_neutral_mean": 4083.625,
  "tfw_baseline_neutral_std": 271.5555532082908,
  "tfw_baseline_adversarial_mean": 4083.625,
  "tfw_baseline_adversarial_std": 271.5555532082908
}