{
  "n_off": [
    0,
    200,
    500,
    1000,
    2000,
    3000,
    5000,
    8000
  ],
  "reward_model": "Bernoulli",
  "confidence_sets": "regression_Hoeffding",
  "confidence_delta": 0.05,
  "gamma_exp3": 0.01,
  "game_seed": 737,
  "data_quality": "good",
  "tfw_baseline_mean": [
    3522.125,
    3522.125,
    3522.125,
    3522.125,
    3522.125,
    3522.125,
    3522.125,
    3522.125
  ],
  "tfw_baseline_std": [
    201.63124164845004,
    201.63124164845004,
    201.63124164845004,
    201.63124164845004,
    201.63124164845004,
    201.63124164845004,
    201.63124164845004,
    201.63124164845004
  ],
  "tfw_hybrid_mean": [
    3575.125,
    3808.3333333333335,
    3791.9166666666665,
    3710.625,
    3153.75,
    692.5,
    229.54166666666666,
    1240.5833333333333
  ],
  "tfw_hybrid_std": [
    163.8032522106402,
    163.8264369669174,
    150.44135551528163,
    763.1428615756771,
    1262.117759612959,
    1213.7706251326001,
    476.43960146127614,
    618.6244148646791
  ],
  "tfw_gated_mean": [
    3545.125,
    3552.375,
    3575.125,
    3533.8333333333335,
    3443.5416666666665,
    3568.4166666666665,
    3467.0833333333335,
    2908.75
  ],
  "tfw_gated_std": [
    206.6991749210516,
    216.56444216143993,
    163.8032522106402,
    285.7792803921398,
    345.68407028568055,
    154.8648545939517,
    793.880393831555,
    1354.952341533121
  ],
  "tfw_etc_mean": [
    3750.9166666666665,
    4176.916666666667,
    3914.7916666666665,
    3303.125,
    1524.4583333333333,
    2754.375,
    3082.1666666666665,
    1827.5833333333333
  ],
  "tfw_etc_std": [
    184.8489199005658,
    795.3430168755829,
    309.66812237376445,
    1285.2232190658892,
    1963.9004884726696,
    2185.6073439564852,
    2023.4693123373568,
    2210.77654892469
  ],
  "convergence_baseline_mean": [
    5000.0,
    5000.0,
    5000.0,
    5000.0,
    5000.0,
    5000.0,
    5000.0,
    5000.0
  ],
  "convergence_hybrid_mean": [
    5000.0,
    5000.0,
    5000.0,
    4761.916666666667,
    4171.125,
    1034.875,
    318.0,
    694.375
  ],
  "theorem1_offline_transfer_rate_gated_mean": [
    NaN,
    0.0,
    0.0,
    0.0,
    0.0,
    0.0,
    0.125,
    0.20833333333333334
  ],
  "offline_m0_nonempty_rate_gated_mean": [
    NaN,
    0.0,
    0.0,
    0.125,
    0.7916666666666666,
    1.0,
    1.0,
    1.0
  ],
  "c_man_per_noff": {
    "200": {
      "c_man": 5.656854249492381,
      "lhs": 0.8,
      "threshold": 0.05441672610301418
    },
    "500": {
      "c_man": 5.656854249492381,
      "lhs": 0.5059644256269408,
      "threshold": 0.05441672610301418
    },
    "1000": {
      "c_man": 5.656854249492381,
      "lhs": 0.35777087639996635,
      "threshold": 0.05441672610301418
    },
    "2000": {
      "c_man": 5.656854249492381,
      "lhs": 0.2529822128134704,
      "threshold": 0.05441672610301418
    },
    "3000": {
      "c_man": 5.656854249492381,
      "lhs": 0.2065591117977289,
      "threshold": 0.05441672610301418
    },
    "5000": {
      "c_man": 5.656854249492381,
      "lhs": 0.16,
      "threshold": 0.05441672610301418
    },
    "8000": {
      "c_man": 5.656854249492381,
      "lhs": 0.1264911064067352,
      "threshold": 0.05441672610301418
    }
  },
  "delta3": 0.21766690441205672
}