{
  "n_off_fixed": 1000,
  "game_seed": 737,
  "tfw_hybrid_good_mean": 3775.9583333333335,
  "tfw_hybrid_good_std": 509.1713198629853,
  "tfw_hybrid_neutral_mean": 3825.7083333333335,
  "tfw_hybrid_neutral_std": 179.2664956127479,
  "tfw_hybrid_adversarial_mean": 3521.7916666666665,
  "tfw_hybrid_adversarial_std": 256.6901327970406,
  "tfw_gated_good_mean": 3470.5833333333335,
  "tfw_gated_good_std": 259.20160303225896,
  "tfw_gated_neutral_mean": 3470.5833333333335,
  "tfw_gated_neutral_std": 259.20160303225896,
  "tfw_gated_adversarial_mean": 3470.5833333333335,
  "tfw_gated_adversarial_std": 259.20160303225896,
  "tfw_etc_good_mean": 3327.0833333333335,
  "tfw_etc_good_std": 1242.1768380957076,
  "tfw_etc_neutral_mean": 3954.7083333333335,
  "tfw_etc_neutral_std": 287.00772284211183,
  "tfw_etc_adversarial_mean": 3316.9583333333335,
  "tfw_etc_adversarial_std": 1350.0379537069598,
  "tfw_baseline_good_mean": 3543.125,
  "tfw_baseline_good_std": 247.8248526857136,
  "tfw_baseline_neutral_mean": 3543.125,
  "tfw_baseline_neutral_std": 247.8248526857136,
  "tfw_baseline_adversarial_mean": 3543.125,
  "tfw_baseline_adversarial_std": 247.8248526857136
}