{
  "num_games": 20,
  "game_seeds": [
    737,
    1482,
    1603,
    3043,
    3197,
    4098,
    4356,
    5003,
    5466,
    5621,
    5954,
    7184,
    7466,
    7657,
    8001,
    8400,
    8671,
    9011,
    9134,
    9153
  ],
  "n_off_fixed": 4000.0,
  "n_off_fixed_per_game": [
    4000,
    4000,
    4000,
    4000,
    4000,
    4000,
    4000,
    4000,
    4000,
    4000,
    4000,
    4000,
    4000,
    4000,
    4000,
    4000,
    4000,
    4000,
    4000,
    4000
  ],
  "tfw_hybrid_good_mean": 6710.260416666666,
  "tfw_hybrid_good_mean_per_game": [
    9628.083333333334,
    4041.125,
    3620.1666666666665,
    9645.208333333334,
    3995.4583333333335,
    9976.041666666666,
    4140.75,
    9142.041666666666,
    10547.833333333334,
    9567.583333333334,
    5415.0,
    1127.625,
    3973.1666666666665,
    5719.666666666667,
    2712.875,
    11469.291666666666,
    8528.5,
    11317.583333333334,
    3724.5416666666665,
    5912.666666666667
  ],
  "tfw_hybrid_good_std": 3175.2701015907464,
  "tfw_hybrid_good_std_per_game": [
    3903.2131013426306,
    5007.768333234658,
    3045.626753041249,
    3777.635227391851,
    3879.9009958140477,
    1115.498815276851,
    4353.731036109443,
    3060.1810045807915,
    2590.828013802045,
    1904.1736292011105,
    4078.3666594233105,
    1397.4310222535214,
    4363.106618261677,
    4434.139636822523,
    2830.5514950808347,
    314.04672584584085,
    4127.049446085518,
    1273.638161593263,
    4123.565900688243,
    3924.9494559655236
  ],
  "tfw_hybrid_neutral_mean": 7545.118749999999,
  "tfw_hybrid_neutral_mean_per_game": [
    9894.125,
    7030.0,
    8405.208333333334,
    9817.541666666666,
    8180.625,
    8042.75,
    2778.9166666666665,
    8430.416666666666,
    8045.5,
    8758.875,
    5791.0,
    9534.416666666666,
    9369.458333333334,
    4284.625,
    7415.083333333333,
    10318.25,
    5706.541666666667,
    8433.541666666666,
    3721.9166666666665,
    6943.583333333333
  ],
  "tfw_hybrid_neutral_std": 2512.9993167190255,
  "tfw_hybrid_neutral_std_per_game": [
    2257.041143361389,
    2705.3027637361147,
    3800.7526368976,
    1098.0070871382375,
    3173.5812141531983,
    2414.0195642375684,
    2274.2000393194485,
    2697.24774243264,
    2570.867946822629,
    1849.8724588820805,
    3480.87209212564,
    2188.6245614573763,
    2662.789008264874,
    2903.325436872571,
    2975.717683498228,
    295.4882841788427,
    2357.1174359552087,
    1337.4121337791541,
    3538.960924838848,
    3678.786176428858
  ],
  "tfw_hybrid_adversarial_mean": 9022.508333333335,
  "tfw_hybrid_adversarial_mean_per_game": [
    11071.583333333334,
    9948.541666666666,
    5959.583333333333,
    10482.916666666666,
    7172.916666666667,
    10568.708333333334,
    7833.916666666667,
    11032.541666666666,
    10247.375,
    10065.125,
    10387.0,
    4029.6666666666665,
    5773.958333333333,
    7655.125,
    5021.541666666667,
    10427.791666666666,
    10770.5,
    11297.583333333334,
    9845.333333333334,
    10858.458333333334
  ],
  "tfw_hybrid_adversarial_std": 589.1168064665645,
  "tfw_hybrid_adversarial_std_per_game": [
    164.1258575040791,
    343.8064393719571,
    708.8596424918145,
    207.9107075617814,
    634.6133993752942,
    286.83967331665576,
    1244.3396683160622,
    98.77773872015226,
    837.5045132908889,
    959.6238081982281,
    1414.8299943963154,
    340.0895875151603,
    641.3342396005829,
    989.1781970073858,
    639.8573875866991,
    130.70211041397405,
    141.32786426388571,
    66.52486731301681,
    1114.1289702358702,
    817.9614628514872
  ],
  "tfw_gated_good_mean": 9737.383333333333,
  "tfw_gated_good_mean_per_game": [
    11041.208333333334,
    10715.291666666666,
    7327.791666666667,
    10460.208333333334,
    7738.416666666667,
    10458.416666666666,
    8706.041666666666,
    11313.25,
    10941.291666666666,
    10559.916666666666,
    11293.583333333334,
    4934.541666666667,
    9122.666666666666,
    8884.75,
    6349.791666666667,
    10900.625,
    10948.625,
    11372.541666666666,
    10384.875,
    11293.833333333334
  ],
  "tfw_gated_good_std": 405.61343262904285,
  "tfw_gated_good_std_per_game": [
    149.9289626475809,
    255.5470652076284,
    516.1336176145514,
    205.66921081037464,
    850.4606893078428,
    187.37312615686676,
    463.4113093858054,
    113.33415387597248,
    129.68204567716572,
    391.99710698429647,
    74.75055135272403,
    445.4206589346717,
    780.8357098629016,
    861.0870909849186,
    957.2952376886919,
    121.69770549085604,
    149.29102378444827,
    80.74435189113132,
    1301.391573345207,
    76.21746157722232
  ],
  "tfw_gated_neutral_mean": 9737.383333333333,
  "tfw_gated_neutral_mean_per_game": [
    11041.208333333334,
    10715.291666666666,
    7327.791666666667,
    10460.208333333334,
    7738.416666666667,
    10458.416666666666,
    8706.041666666666,
    11313.25,
    10941.291666666666,
    10559.916666666666,
    11293.583333333334,
    4934.541666666667,
    9122.666666666666,
    8884.75,
    6349.791666666667,
    10900.625,
    10948.625,
    11372.541666666666,
    10384.875,
    11293.833333333334
  ],
  "tfw_gated_neutral_std": 405.61343262904285,
  "tfw_gated_neutral_std_per_game": [
    149.9289626475809,
    255.5470652076284,
    516.1336176145514,
    205.66921081037464,
    850.4606893078428,
    187.37312615686676,
    463.4113093858054,
    113.33415387597248,
    129.68204567716572,
    391.99710698429647,
    74.75055135272403,
    445.4206589346717,
    780.8357098629016,
    861.0870909849186,
    957.2952376886919,
    121.69770549085604,
    149.29102378444827,
    80.74435189113132,
    1301.391573345207,
    76.21746157722232
  ],
  "tfw_gated_adversarial_mean": 9737.383333333333,
  "tfw_gated_adversarial_mean_per_game": [
    11041.208333333334,
    10715.291666666666,
    7327.791666666667,
    10460.208333333334,
    7738.416666666667,
    10458.416666666666,
    8706.041666666666,
    11313.25,
    10941.291666666666,
    10559.916666666666,
    11293.583333333334,
    4934.541666666667,
    9122.666666666666,
    8884.75,
    6349.791666666667,
    10900.625,
    10948.625,
    11372.541666666666,
    10384.875,
    11293.833333333334
  ],
  "tfw_gated_adversarial_std": 405.61343262904285,
  "tfw_gated_adversarial_std_per_game": [
    149.9289626475809,
    255.5470652076284,
    516.1336176145514,
    205.66921081037464,
    850.4606893078428,
    187.37312615686676,
    463.4113093858054,
    113.33415387597248,
    129.68204567716572,
    391.99710698429647,
    74.75055135272403,
    445.4206589346717,
    780.8357098629016,
    861.0870909849186,
    957.2952376886919,
    121.69770549085604,
    149.29102378444827,
    80.74435189113132,
    1301.391573345207,
    76.21746157722232
  ],
  "tfw_etc_good_mean": 7952.752083333333,
  "tfw_etc_good_mean_per_game": [
    10086.416666666666,
    10067.125,
    6852.916666666667,
    11330.25,
    6063.5,
    10924.416666666666,
    1612.7916666666667,
    10994.375,
    9325.5,
    9901.0,
    8185.625,
    2287.875,
    5574.125,
    2048.4166666666665,
    2680.25,
    11422.083333333334,
    9652.125,
    11556.875,
    7472.083333333333,
    11017.291666666666
  ],
  "tfw_etc_good_std": 2922.62495496772,
  "tfw_etc_good_std_per_game": [
    3733.243337748101,
    3034.150770271499,
    4036.375127099396,
    629.5916723663389,
    4795.998803350469,
    729.8649021307428,
    2883.9861903300603,
    2357.0819434299433,
    4639.634412134308,
    3839.5670385446147,
    4753.771416396441,
    2377.2432392328433,
    4415.822532198227,
    3275.664020525048,
    3048.172813342446,
    425.80429436708283,
    3551.0241304446245,
    393.8461752799038,
    4894.630686575956,
    637.0255935863628
  ],
  "tfw_etc_neutral_mean": 6650.133333333334,