{
  "n_off": [
    0,
    500,
    1000,
    2000,
    4000,
    6000,
    10000,
    15000
  ],
  "reward_model": "Bernoulli",
  "confidence_sets": "regression_Hoeffding",
  "confidence_delta": 0.05,
  "gamma_exp3": 0.01,
  "game_seed": 8671,
  "data_quality": "good",
  "tfw_baseline_mean": [
    3934.0833333333335,
    3934.0833333333335,
    3934.0833333333335,
    3934.0833333333335,
    3934.0833333333335,
    3934.0833333333335,
    3934.0833333333335,
    3934.0833333333335
  ],
  "tfw_baseline_std": [
    457.61878160250626,
    457.61878160250626,
    457.61878160250626,
    457.61878160250626,
    457.61878160250626,
    457.61878160250626,
    457.61878160250626,
    457.61878160250626
  ],
  "tfw_hybrid_mean": [
    3793.375,
    3173.5833333333335,
    3131.7083333333335,
    2296.125,
    485.9166666666667,
    1020.5833333333334,
    3306.7083333333335,
    3161.0416666666665
  ],
  "tfw_hybrid_std": [
    896.363416812623,
    2006.3643285407013,
    2528.1976649326716,
    2773.7117074183407,
    1038.2910254948697,
    1384.8467162600457,
    239.07893533065723,
    235.89339507620753
  ],
  "tfw_gated_mean": [
    3581.0,
    3909.7916666666665,
    3793.375,
    3802.4583333333335,
    6051.416666666667,
    6444.541666666667,
    6556.125,
    6470.041666666667
  ],
  "tfw_gated_std": [
    938.8251677773525,
    459.15688132343905,
    896.363416812623,
    1383.2142774418,
    1927.565482261445,
    386.89128673779044,
    344.91502576721706,
    388.67159258692675
  ],
  "tfw_etc_mean": [
    7627.25,
    6857.125,
    5512.958333333333,
    1772.9166666666667,
    6198.458333333333,
    6444.166666666667,
    6510.041666666667,
    6482.958333333333
  ],
  "tfw_etc_std": [
    25.240150898742748,
    1980.6405927398075,
    2669.9591183837592,
    2360.5250321774247,
    1861.9116165257747,
    422.5421683784602,
    328.0369119164947,
    358.7002477746888
  ],
  "convergence_baseline_mean": [
    6794.083333333333,
    6794.083333333333,
    6794.083333333333,
    6794.083333333333,
    6794.083333333333,
    6794.083333333333,
    6794.083333333333,
    6794.083333333333
  ],
  "convergence_hybrid_mean": [
    6421.375,
    3460.625,
    3534.5416666666665,
    2699.1666666666665,
    305.2083333333333,
    492.7083333333333,
    1237.7083333333333,
    2590.8333333333335
  ],
  "theorem1_offline_transfer_rate_gated_mean": [
    NaN,
    0.0,
    0.0,
    0.16666666666666666,
    0.9583333333333334,
    1.0,
    1.0,
    1.0
  ],
  "offline_m0_nonempty_rate_gated_mean": [
    NaN,
    0.0,
    0.08333333333333333,
    0.875,
    1.0,
    1.0,
    1.0,
    1.0
  ],
  "c_man_per_noff": {
    "500": {
      "c_man": 8.485281374238571,
      "lhs": 1.1384199576606167,
      "threshold": 0.1938835554700832
    },
    "1000": {
      "c_man": 8.485281374238571,
      "lhs": 0.8049844718999244,
      "threshold": 0.1938835554700832
    },
    "2000": {
      "c_man": 8.485281374238571,
      "lhs": 0.5692099788303083,
      "threshold": 0.1938835554700832
    },
    "4000": {
      "c_man": 8.485281374238571,
      "lhs": 0.4024922359499622,
      "threshold": 0.1938835554700832
    },
    "6000": {
      "c_man": 8.485281374238571,
      "lhs": 0.32863353450309973,
      "threshold": 0.1938835554700832
    },
    "10000": {
      "c_man": 8.48528137423857,
      "lhs": 0.2545584412271571,
      "threshold": 0.1938835554700832
    },
    "15000": {
      "c_man": 8.48528137423857,
      "lhs": 0.20784609690826525,
      "threshold": 0.1938835554700832
    }
  },
  "delta3": 0.7755342218803328
}