{
  "n_off_fixed": 2000,
  "game_seed": 8671,
  "tfw_hybrid_good_mean": 2160.875,
  "tfw_hybrid_good_std": 3123.1383228566187,
  "tfw_hybrid_neutral_mean": 545.875,
  "tfw_hybrid_neutral_std": 1045.8965079943534,
  "tfw_hybrid_adversarial_mean": 2840.9583333333335,
  "tfw_hybrid_adversarial_std": 856.6285522029227,
  "tfw_gated_good_mean": 3870.75,
  "tfw_gated_good_std": 992.6798708984466,
  "tfw_gated_neutral_mean": 3915.7083333333335,
  "tfw_gated_neutral_std": 480.62391327782757,
  "tfw_gated_adversarial_mean": 3915.7083333333335,
  "tfw_gated_adversarial_std": 480.62391327782757,
  "tfw_etc_good_mean": 3188.0416666666665,
  "tfw_etc_good_std": 3050.332732800981,
  "tfw_etc_neutral_mean": 4357.916666666667,
  "tfw_etc_neutral_std": 3385.9791970991796,
  "tfw_etc_adversarial_mean": 3303.9166666666665,
  "tfw_etc_adversarial_std": 2291.844025284418,
  "tfw_baseline_good_mean": 3885.625,
  "tfw_baseline_good_std": 845.6096752202442,
  "tfw_baseline_neutral_mean": 3885.625,
  "tfw_baseline_neutral_std": 845.6096752202442,
  "tfw_baseline_adversarial_mean": 3885.625,
  "tfw_baseline_adversarial_std": 845.6096752202442
}