{
  "n_off": [
    0,
    500,
    1000,
    2000,
    4000,
    6000,
    10000,
    15000
  ],
  "reward_model": "Bernoulli",
  "confidence_sets": "regression_Hoeffding",
  "confidence_delta": 0.05,
  "gamma_exp3": 0.01,
  "game_seed": 5466,
  "data_quality": "good",
  "tfw_baseline_mean": [
    4307.375,
    4307.375,
    4307.375,
    4307.375,
    4307.375,
    4307.375,
    4307.375,
    4307.375
  ],
  "tfw_baseline_std": [
    666.856859192566,
    666.856859192566,
    666.856859192566,
    666.856859192566,
    666.856859192566,
    666.856859192566,
    666.856859192566,
    666.856859192566
  ],
  "tfw_hybrid_mean": [
    4474.708333333333,
    1819.7916666666667,
    1261.2916666666667,
    759.5416666666666,
    889.5833333333334,
    1592.8333333333333,
    4260.958333333333,
    4931.958333333333
  ],
  "tfw_hybrid_std": [
    571.5777918196693,
    1131.2159667392414,
    1395.147692950437,
    1479.4461354688192,
    1035.1572414337606,
    475.7986116421313,
    671.2201400801941,
    647.2380436477198
  ],
  "tfw_gated_mean": [
    4413.708333333333,
    4234.208333333333,
    4474.708333333333,
    3217.125,
    6166.833333333333,
    6610.0,
    6544.458333333333,
    6533.625
  ],
  "tfw_gated_std": [
    557.194640815598,
    620.6247889209618,
    571.5777918196693,
    2136.4188710061762,
    1804.7323459670436,
    131.1013547504041,
    63.189142687831975,
    77.7011065334448
  ],
  "tfw_etc_mean": [
    8000.0,
    7509.75,
    6727.041666666667,
    2441.2916666666665,
    6182.666666666667,
    6610.916666666667,
    6560.291666666667,
    6566.166666666667
  ],
  "tfw_etc_std": [
    0.0,
    1541.23973955469,
    2578.281218499384,
    3105.836140014986,
    1815.3740222278466,
    120.7706834087416,
    78.69284215096759,
    67.5983448901233
  ],
  "convergence_baseline_mean": [
    6088.166666666667,
    6088.166666666667,
    6088.166666666667,
    6088.166666666667,
    6088.166666666667,
    6088.166666666667,
    6088.166666666667,
    6088.166666666667
  ],
  "convergence_hybrid_mean": [
    6319.166666666667,
    1083.875,
    1050.0833333333333,
    638.5416666666666,
    471.7083333333333,
    424.9166666666667,
    686.5,
    629.3333333333334
  ],
  "theorem1_offline_transfer_rate_gated_mean": [
    NaN,
    0.0,
    0.0,
    0.375,
    1.0,
    1.0,
    1.0,
    1.0
  ],
  "offline_m0_nonempty_rate_gated_mean": [
    NaN,
    0.0,
    0.08333333333333333,
    0.9166666666666666,
    1.0,
    1.0,
    1.0,
    1.0
  ],
  "c_man_per_noff": {
    "500": {
      "c_man": 8.485281374238571,
      "lhs": 1.1384199576606167,
      "threshold": 0.19992517027315404
    },
    "1000": {
      "c_man": 8.485281374238571,
      "lhs": 0.8049844718999244,
      "threshold": 0.19992517027315404
    },
    "2000": {
      "c_man": 8.485281374238571,
      "lhs": 0.5692099788303083,
      "threshold": 0.19992517027315404
    },
    "4000": {
      "c_man": 8.485281374238571,
      "lhs": 0.4024922359499622,
      "threshold": 0.19992517027315404
    },
    "6000": {
      "c_man": 8.485281374238571,
      "lhs": 0.32863353450309973,
      "threshold": 0.19992517027315404
    },
    "10000": {
      "c_man": 8.48528137423857,
      "lhs": 0.2545584412271571,
      "threshold": 0.19992517027315404
    },
    "15000": {
      "c_man": 8.48528137423857,
      "lhs": 0.20784609690826525,
      "threshold": 0.19992517027315404
    }
  },
  "delta3": 0.7997006810926162
}