{
  "n_off_fixed": 2000,
  "game_seed": 5466,
  "tfw_hybrid_good_mean": 206.5,
  "tfw_hybrid_good_std": 631.2746938777403,
  "tfw_hybrid_neutral_mean": 2127.2916666666665,
  "tfw_hybrid_neutral_std": 1776.4199336860365,
  "tfw_hybrid_adversarial_mean": 3708.7083333333335,
  "tfw_hybrid_adversarial_std": 848.4268039534505,
  "tfw_gated_good_mean": 3481.875,
  "tfw_gated_good_std": 1627.0129288521875,
  "tfw_gated_neutral_mean": 4259.666666666667,
  "tfw_gated_neutral_std": 622.0734380431627,
  "tfw_gated_adversarial_mean": 4259.666666666667,
  "tfw_gated_adversarial_std": 622.0734380431627,
  "tfw_etc_good_mean": 2141.625,
  "tfw_etc_good_std": 2912.1915520565544,
  "tfw_etc_neutral_mean": 1170.5833333333333,
  "tfw_etc_neutral_std": 2510.7581726341696,
  "tfw_etc_adversarial_mean": 3827.6666666666665,
  "tfw_etc_adversarial_std": 2170.82183729466,
  "tfw_baseline_good_mean": 4278.416666666667,
  "tfw_baseline_good_std": 685.6542363932845,
  "tfw_baseline_neutral_mean": 4278.416666666667,
  "tfw_baseline_neutral_std": 685.6542363932845,
  "tfw_baseline_adversarial_mean": 4278.416666666667,
  "tfw_baseline_adversarial_std": 685.6542363932845
}