{
  "n_off": [
    0,
    200,
    500,
    1000,
    2000,
    3000,
    5000,
    8000
  ],
  "reward_model": "Bernoulli",
  "confidence_sets": "regression_Hoeffding",
  "confidence_delta": 0.05,
  "gamma_exp3": 0.01,
  "game_seed": 7466,
  "data_quality": "good",
  "tfw_baseline_mean": [
    1356.125,
    1356.125,
    1356.125,
    1356.125,
    1356.125,
    1356.125,
    1356.125,
    1356.125
  ],
  "tfw_baseline_std": [
    505.2010630733419,
    505.2010630733419,
    505.2010630733419,
    505.2010630733419,
    505.2010630733419,
    505.2010630733419,
    505.2010630733419,
    505.2010630733419
  ],
  "tfw_hybrid_mean": [
    1483.6666666666667,
    1172.7916666666667,
    409.1666666666667,
    240.375,
    79.375,
    22.541666666666668,
    5.541666666666667,
    20.458333333333332
  ],
  "tfw_hybrid_std": [
    629.5326538940141,
    580.1082342165099,
    745.2820106257221,
    613.0305909453317,
    194.11825452319118,
    69.9620885950363,
    11.883416163298536,
    65.34455778321603
  ],
  "tfw_gated_mean": [
    1390.25,
    1239.7916666666667,
    1483.6666666666667,
    972.6666666666666,
    374.9583333333333,
    424.7083333333333,
    469.4583333333333,
    99.875
  ],
  "tfw_gated_std": [
    694.280688132,
    439.77691767399597,
    629.5326538940141,
    914.4520177426605,
    925.4265046883573,
    1291.2606741565344,
    1233.3679580431528,
    159.79261355840603
  ],
  "tfw_etc_mean": [
    602.25,
    3476.875,
    1395.0,
    391.875,
    259.0,
    427.625,
    468.2083333333333,
    102.75
  ],
  "tfw_etc_std": [
    59.93420305344999,
    1958.08924858771,
    1552.8411828420942,
    972.3827888457705,
    865.0739601454543,
    1299.4271919480186,
    1235.7707321895234,
    165.32688305556832
  ],
  "convergence_baseline_mean": [
    2359.2083333333335,
    2359.2083333333335,
    2359.2083333333335,
    2359.2083333333335,
    2359.2083333333335,
    2359.2083333333335,
    2359.2083333333335,
    2359.2083333333335
  ],
  "convergence_hybrid_mean": [
    2370.875,
    1682.0833333333333,
    731.3333333333334,
    398.875,
    226.70833333333334,
    216.125,
    202.25,
    206.16666666666666
  ],
  "theorem1_offline_transfer_rate_gated_mean": [
    NaN,
    0.0,
    0.0,
    0.5,
    0.9166666666666666,
    1.0,
    1.0,
    1.0
  ],
  "offline_m0_nonempty_rate_gated_mean": [
    NaN,
    0.08333333333333333,
    0.375,
    0.9166666666666666,
    1.0,
    1.0,
    1.0,
    1.0
  ],
  "c_man_per_noff": {
    "200": {
      "c_man": 5.656854249492381,
      "lhs": 0.8,
      "threshold": 0.15955939779184547
    },
    "500": {
      "c_man": 5.656854249492381,
      "lhs": 0.5059644256269408,
      "threshold": 0.15955939779184547
    },
    "1000": {
      "c_man": 5.656854249492381,
      "lhs": 0.35777087639996635,
      "threshold": 0.15955939779184547
    },
    "2000": {
      "c_man": 5.656854249492381,
      "lhs": 0.2529822128134704,
      "threshold": 0.15955939779184547
    },
    "3000": {
      "c_man": 5.656854249492381,
      "lhs": 0.2065591117977289,
      "threshold": 0.15955939779184547
    },
    "5000": {
      "c_man": 5.656854249492381,
      "lhs": 0.16,
      "threshold": 0.15955939779184547
    },
    "8000": {
      "c_man": 5.656854249492381,
      "lhs": 0.1264911064067352,
      "threshold": 0.15955939779184547
    }
  },
  "delta3": 0.6382375911673819
}