{
  "n_off_fixed": 1000,
  "game_seed": 7466,
  "tfw_hybrid_good_mean": 533.9583333333334,
  "tfw_hybrid_good_std": 1197.5155977623247,
  "tfw_hybrid_neutral_mean": 1181.3333333333333,
  "tfw_hybrid_neutral_std": 1882.718355409832,
  "tfw_hybrid_adversarial_mean": 2023.0,
  "tfw_hybrid_adversarial_std": 1888.731757601887,
  "tfw_gated_good_mean": 1316.1666666666667,
  "tfw_gated_good_std": 1080.817631991257,
  "tfw_gated_neutral_mean": 1539.5416666666667,
  "tfw_gated_neutral_std": 660.3335770434626,
  "tfw_gated_adversarial_mean": 1539.5416666666667,
  "tfw_gated_adversarial_std": 660.3335770434626,
  "tfw_etc_good_mean": 624.0,
  "tfw_etc_good_std": 1143.9038041039457,
  "tfw_etc_neutral_mean": 82.95833333333333,
  "tfw_etc_neutral_std": 148.45742448277207,
  "tfw_etc_adversarial_mean": 3214.75,
  "tfw_etc_adversarial_std": 1726.7327843924352,
  "tfw_baseline_good_mean": 1333.8333333333333,
  "tfw_baseline_good_std": 601.9959314225266,
  "tfw_baseline_neutral_mean": 1333.8333333333333,
  "tfw_baseline_neutral_std": 601.9959314225266,
  "tfw_baseline_adversarial_mean": 1333.8333333333333,
  "tfw_baseline_adversarial_std": 601.9959314225266
}