{
  "n_off": [
    0,
    200,
    500,
    1000,
    2000,
    3000,
    5000,
    8000
  ],
  "reward_model": "Bernoulli",
  "confidence_sets": "regression_Hoeffding",
  "confidence_delta": 0.05,
  "gamma_exp3": 0.01,
  "game_seed": 7184,
  "data_quality": "good",
  "tfw_baseline_mean": [
    4811.041666666667,
    4811.041666666667,
    4811.041666666667,
    4811.041666666667,
    4811.041666666667,
    4811.041666666667,
    4811.041666666667,
    4811.041666666667
  ],
  "tfw_baseline_std": [
    27.855963636983148,
    27.855963636983148,
    27.855963636983148,
    27.855963636983148,
    27.855963636983148,
    27.855963636983148,
    27.855963636983148,
    27.855963636983148
  ],
  "tfw_hybrid_mean": [
    4806.125,
    4857.458333333333,
    4785.5,
    4743.625,
    4342.791666666667,
    3215.2916666666665,
    1714.25,
    1670.3333333333333
  ],
  "tfw_hybrid_std": [
    33.90692182764585,
    106.94207256294395,
    219.42751601066055,
    259.25190242897634,
    691.8275092363933,
    1627.4298082550602,
    1259.6213803120088,
    1294.677823501533
  ],
  "tfw_gated_mean": [
    4809.625,
    4814.75,
    4806.125,
    4811.708333333333,
    4807.333333333333,
    4604.375,
    4472.25,
    3776.4583333333335
  ],
  "tfw_gated_std": [
    25.27898680550792,
    20.13918956963609,
    33.90692182764585,
    23.415860783492118,
    31.882483492086813,
    983.630401270898,
    967.7650743493665,
    1730.7431422008763
  ],
  "tfw_etc_mean": [
    5000.0,
    4829.25,
    4789.875,
    4320.125,
    4096.916666666667,
    4266.0,
    3894.7916666666665,
    3720.8333333333335
  ],
  "tfw_etc_std": [
    0.0,
    471.4026479791338,
    509.5810992757977,
    933.9842803118077,
    1262.9222123681068,
    910.3752212567414,
    1504.4114544483377,
    1700.0634685509392
  ],
  "convergence_baseline_mean": [
    5000.0,
    5000.0,
    5000.0,
    5000.0,
    5000.0,
    5000.0,
    5000.0,
    5000.0
  ],
  "convergence_hybrid_mean": [
    5000.0,
    5000.0,
    5000.0,
    5000.0,
    4815.125,
    3408.4583333333335,
    1554.5833333333333,
    1685.5
  ],
  "theorem1_offline_transfer_rate_gated_mean": [
    NaN,
    0.0,
    0.0,
    0.0,
    0.0,
    0.08333333333333333,
    0.4583333333333333,
    0.8333333333333334
  ],
  "offline_m0_nonempty_rate_gated_mean": [
    NaN,
    0.0,
    0.125,
    0.9166666666666666,
    1.0,
    1.0,
    1.0,
    1.0
  ],
  "c_man_per_noff": {
    "200": {
      "c_man": 5.656854249492381,
      "lhs": 0.8,
      "threshold": 0.07111067922029499
    },
    "500": {
      "c_man": 5.656854249492381,
      "lhs": 0.5059644256269408,
      "threshold": 0.07111067922029499
    },
    "1000": {
      "c_man": 5.656854249492381,
      "lhs": 0.35777087639996635,
      "threshold": 0.07111067922029499
    },
    "2000": {
      "c_man": 5.656854249492381,
      "lhs": 0.2529822128134704,
      "threshold": 0.07111067922029499
    },
    "3000": {
      "c_man": 5.656854249492381,
      "lhs": 0.2065591117977289,
      "threshold": 0.07111067922029499
    },
    "5000": {
      "c_man": 5.656854249492381,
      "lhs": 0.16,
      "threshold": 0.07111067922029499
    },
    "8000": {
      "c_man": 5.656854249492381,
      "lhs": 0.1264911064067352,
      "threshold": 0.07111067922029499
    }
  },
  "delta3": 0.28444271688117995
}