{
  "n_off_fixed": 1000,
  "game_seed": 7184,
  "tfw_hybrid_good_mean": 4685.958333333333,
  "tfw_hybrid_good_std": 255.6773576832412,
  "tfw_hybrid_neutral_mean": 4499.041666666667,
  "tfw_hybrid_neutral_std": 103.15142063835158,
  "tfw_hybrid_adversarial_mean": 4740.041666666667,
  "tfw_hybrid_adversarial_std": 85.52318738044171,
  "tfw_gated_good_mean": 4810.833333333333,
  "tfw_gated_good_std": 52.45011432545809,
  "tfw_gated_neutral_mean": 4810.833333333333,
  "tfw_gated_neutral_std": 52.45011432545809,
  "tfw_gated_adversarial_mean": 4810.833333333333,
  "tfw_gated_adversarial_std": 52.45011432545809,
  "tfw_etc_good_mean": 4561.875,
  "tfw_etc_good_std": 204.4983921484576,
  "tfw_etc_neutral_mean": 4474.958333333333,
  "tfw_etc_neutral_std": 78.90361713572736,
  "tfw_etc_adversarial_mean": 4338.041666666667,
  "tfw_etc_adversarial_std": 766.0626310623335,
  "tfw_baseline_good_mean": 4818.125,
  "tfw_baseline_good_std": 19.623217171858265,
  "tfw_baseline_neutral_mean": 4818.125,
  "tfw_baseline_neutral_std": 19.623217171858265,
  "tfw_baseline_adversarial_mean": 4818.125,
  "tfw_baseline_adversarial_std": 19.623217171858265
}