{
  "n_off": [
    0,
    1000,
    2000,
    4000,
    8000,
    12000,
    20000,
    30000
  ],
  "reward_model": "Bernoulli",
  "confidence_sets": "regression_Hoeffding",
  "confidence_delta": 0.05,
  "gamma_exp3": 0.01,
  "game_seed": 4356,
  "data_quality": "good",
  "tfw_baseline_mean": [
    8686.833333333334,
    8686.833333333334,
    8686.833333333334,
    8686.833333333334,
    8686.833333333334,
    8686.833333333334,
    8686.833333333334,
    8686.833333333334
  ],
  "tfw_baseline_std": [
    565.9471988481416,
    565.9471988481416,
    565.9471988481416,
    565.9471988481416,
    565.9471988481416,
    565.9471988481416,
    565.9471988481416,
    565.9471988481416
  ],
  "tfw_hybrid_mean": [
    8619.333333333334,
    7412.541666666667,
    7644.25,
    4677.375,
    1579.125,
    3167.9166666666665,
    5400.791666666667,
    6360.375
  ],
  "tfw_hybrid_std": [
    518.6422631269547,
    2659.2218374549166,
    3124.8286944351394,
    4675.628567950494,
    1828.3443523177393,
    1731.8067699387818,
    1568.3775604430998,
    1764.0105691416586
  ],
  "tfw_gated_mean": [
    8578.666666666666,
    8490.875,
    8619.333333333334,
    8329.25,
    7158.25,
    10024.625,
    9957.0,
    9731.75
  ],
  "tfw_gated_std": [
    522.7145423207808,
    564.7870173791179,
    518.6422631269547,
    719.0899592994033,
    4470.483129712434,
    315.79723991689735,
    276.6501479266297,
    494.27199429850975
  ],
  "tfw_etc_mean": [
    11829.291666666666,
    11950.25,
    11173.416666666666,
    2484.7916666666665,
    6929.583333333333,
    10038.708333333334,
    9981.5,
    9785.166666666666
  ],
  "tfw_etc_std": [
    12.185091270702994,
    88.50264058944427,
    2593.3573491865154,
    3516.1267719536627,
    4695.715215391365,
    271.1040998786527,
    294.0264702665243,
    429.57751405271443
  ],
  "convergence_baseline_mean": [
    11661.291666666666,
    11661.291666666666,
    11661.291666666666,
    11661.291666666666,
    11661.291666666666,
    11661.291666666666,
    11661.291666666666,
    11661.291666666666
  ],
  "convergence_hybrid_mean": [
    11755.791666666666,
    8100.375,
    7357.541666666667,
    4217.166666666667,
    218.83333333333334,
    338.625,
    638.5416666666666,
    2626.5833333333335
  ],
  "theorem1_offline_transfer_rate_gated_mean": [
    NaN,
    0.0,
    0.0,
    0.0,
    0.875,
    1.0,
    1.0,
    1.0
  ],
  "offline_m0_nonempty_rate_gated_mean": [
    NaN,
    0.0,
    0.041666666666666664,
    0.875,
    1.0,
    1.0,
    1.0,
    1.0
  ],
  "c_man_per_noff": {
    "1000": {
      "c_man": 11.313708498984761,
      "lhs": 1.4310835055998654,
      "threshold": 0.19378311967015982
    },
    "2000": {
      "c_man": 11.313708498984761,
      "lhs": 1.0119288512538815,
      "threshold": 0.19378311967015982
    },
    "4000": {
      "c_man": 11.313708498984761,
      "lhs": 0.7155417527999327,
      "threshold": 0.19378311967015982
    },
    "8000": {
      "c_man": 11.313708498984761,
      "lhs": 0.5059644256269408,
      "threshold": 0.19378311967015982
    },
    "12000": {
      "c_man": 11.313708498984761,
      "lhs": 0.4131182235954578,
      "threshold": 0.19378311967015982
    },
    "20000": {
      "c_man": 11.313708498984761,
      "lhs": 0.32,
      "threshold": 0.19378311967015982
    },
    "30000": {
      "c_man": 11.313708498984761,
      "lhs": 0.26127890589687236,
      "threshold": 0.19378311967015982
    }
  },
  "delta3": 0.7751324786806393
}