{
  "n_off_fixed": 4000,
  "game_seed": 4356,
  "tfw_hybrid_good_mean": 4140.75,
  "tfw_hybrid_good_std": 4353.731036109443,
  "tfw_hybrid_neutral_mean": 2778.9166666666665,
  "tfw_hybrid_neutral_std": 2274.2000393194485,
  "tfw_hybrid_adversarial_mean": 7833.916666666667,
  "tfw_hybrid_adversarial_std": 1244.3396683160622,
  "tfw_gated_good_mean": 8706.041666666666,
  "tfw_gated_good_std": 463.4113093858054,
  "tfw_gated_neutral_mean": 8706.041666666666,
  "tfw_gated_neutral_std": 463.4113093858054,
  "tfw_gated_adversarial_mean": 8706.041666666666,
  "tfw_gated_adversarial_std": 463.4113093858054,
  "tfw_etc_good_mean": 1612.7916666666667,
  "tfw_etc_good_std": 2883.9861903300603,
  "tfw_etc_neutral_mean": 4637.583333333333,
  "tfw_etc_neutral_std": 4850.383256185439,
  "tfw_etc_adversarial_mean": 7799.916666666667,
  "tfw_etc_adversarial_std": 3199.85166662547,
  "tfw_baseline_good_mean": 8479.25,
  "tfw_baseline_good_std": 429.90142955151333,
  "tfw_baseline_neutral_mean": 8479.25,
  "tfw_baseline_neutral_std": 429.90142955151333,
  "tfw_baseline_adversarial_mean": 8479.25,
  "tfw_baseline_adversarial_std": 429.90142955151333
}