{
  "n_off": [
    0,
    1000,
    2000,
    4000,
    8000,
    12000,
    20000,
    30000
  ],
  "reward_model": "Bernoulli",
  "confidence_sets": "regression_Hoeffding",
  "confidence_delta": 0.05,
  "gamma_exp3": 0.01,
  "game_seed": 8671,
  "data_quality": "good",
  "tfw_baseline_mean": [
    10870.041666666666,
    10870.041666666666,
    10870.041666666666,
    10870.041666666666,
    10870.041666666666,
    10870.041666666666,
    10870.041666666666,
    10870.041666666666
  ],
  "tfw_baseline_std": [
    175.69426982481633,
    175.69426982481633,
    175.69426982481633,
    175.69426982481633,
    175.69426982481633,
    175.69426982481633,
    175.69426982481633,
    175.69426982481633
  ],
  "tfw_hybrid_mean": [
    10938.625,
    10863.583333333334,
    8428.166666666666,
    9089.041666666666,
    3821.5416666666665,
    3449.5833333333335,
    3144.5,
    2974.75
  ],
  "tfw_hybrid_std": [
    201.01780420822345,
    1437.413132851079,
    4080.9057676033112,
    3977.2336188685185,
    2918.2719421985316,
    1103.137498492237,
    444.9645809060195,
    370.36494927594583
  ],
  "tfw_gated_mean": [
    10952.291666666666,
    10966.208333333334,
    10938.625,
    10900.333333333334,
    10982.25,
    10715.5,
    10279.541666666666,
    10268.125
  ],
  "tfw_gated_std": [
    208.22907101193329,
    148.18055354625776,
    201.01780420822345,
    184.83521842715606,
    153.23419132590595,
    287.355105264791,
    259.51442603223535,
    252.94531330257757
  ],
  "tfw_etc_mean": [
    10331.458333333334,
    11381.25,
    11145.083333333334,
    10555.25,
    10358.208333333334,
    10364.833333333334,
    10274.166666666666,
    10293.791666666666
  ],
  "tfw_etc_std": [
    246.79158240290033,
    562.5844284464641,
    365.79525238398963,
    1980.6991574123297,
    314.4908900549207,
    292.26903429169005,
    275.7594519908952,
    220.1049115795676
  ],
  "convergence_baseline_mean": [
    12000.0,
    12000.0,
    12000.0,
    12000.0,
    12000.0,
    12000.0,
    12000.0,
    12000.0
  ],
  "convergence_hybrid_mean": [
    12000.0,
    11699.583333333334,
    8906.291666666666,
    8901.875,
    2282.7083333333335,
    1549.8333333333333,
    2511.6666666666665,
    2575.25
  ],
  "theorem1_offline_transfer_rate_gated_mean": [
    NaN,
    0.0,
    0.0,
    0.0,
    0.0,
    0.375,
    1.0,
    1.0
  ],
  "offline_m0_nonempty_rate_gated_mean": [
    NaN,
    0.0,
    0.041666666666666664,
    0.625,
    1.0,
    1.0,
    1.0,
    1.0
  ],
  "c_man_per_noff": {
    "1000": {
      "c_man": 11.313708498984761,
      "lhs": 1.4310835055998654,
      "threshold": 0.12967360248474558
    },
    "2000": {
      "c_man": 11.313708498984761,
      "lhs": 1.0119288512538815,
      "threshold": 0.12967360248474558
    },
    "4000": {
      "c_man": 11.313708498984761,
      "lhs": 0.7155417527999327,
      "threshold": 0.12967360248474558
    },
    "8000": {
      "c_man": 11.313708498984761,
      "lhs": 0.5059644256269408,
      "threshold": 0.12967360248474558
    },
    "12000": {
      "c_man": 11.313708498984761,
      "lhs": 0.4131182235954578,
      "threshold": 0.12967360248474558
    },
    "20000": {
      "c_man": 11.313708498984761,
      "lhs": 0.32,
      "threshold": 0.12967360248474558
    },
    "30000": {
      "c_man": 11.313708498984761,
      "lhs": 0.26127890589687236,
      "threshold": 0.12967360248474558
    }
  },
  "delta3": 0.5186944099389823
}