{
  "n_off_fixed": 4000,
  "game_seed": 8671,
  "tfw_hybrid_good_mean": 8528.5,
  "tfw_hybrid_good_std": 4127.049446085518,
  "tfw_hybrid_neutral_mean": 5706.541666666667,
  "tfw_hybrid_neutral_std": 2357.1174359552087,
  "tfw_hybrid_adversarial_mean": 10770.5,
  "tfw_hybrid_adversarial_std": 141.32786426388571,
  "tfw_gated_good_mean": 10948.625,
  "tfw_gated_good_std": 149.29102378444827,
  "tfw_gated_neutral_mean": 10948.625,
  "tfw_gated_neutral_std": 149.29102378444827,
  "tfw_gated_adversarial_mean": 10948.625,
  "tfw_gated_adversarial_std": 149.29102378444827,
  "tfw_etc_good_mean": 9652.125,
  "tfw_etc_good_std": 3551.0241304446245,
  "tfw_etc_neutral_mean": 6244.041666666667,
  "tfw_etc_neutral_std": 4961.250319961576,
  "tfw_etc_adversarial_mean": 11104.958333333334,
  "tfw_etc_adversarial_std": 212.1962748447084,
  "tfw_baseline_good_mean": 10892.625,
  "tfw_baseline_good_std": 222.0530317582795,
  "tfw_baseline_neutral_mean": 10892.625,
  "tfw_baseline_neutral_std": 222.0530317582795,
  "tfw_baseline_adversarial_mean": 10892.625,
  "tfw_baseline_adversarial_std": 222.0530317582795
}