{
  "n_off": [
    0,
    500,
    1000,
    2000,
    4000,
    6000,
    10000,
    15000
  ],
  "reward_model": "Bernoulli",
  "confidence_sets": "regression_Hoeffding",
  "confidence_delta": 0.05,
  "gamma_exp3": 0.01,
  "game_seed": 3197,
  "data_quality": "good",
  "tfw_baseline_mean": [
    7101.625,
    7101.625,
    7101.625,
    7101.625,
    7101.625,
    7101.625,
    7101.625,
    7101.625
  ],
  "tfw_baseline_std": [
    301.54411494981883,
    301.54411494981883,
    301.54411494981883,
    301.54411494981883,
    301.54411494981883,
    301.54411494981883,
    301.54411494981883,
    301.54411494981883
  ],
  "tfw_hybrid_mean": [
    7157.75,
    6669.208333333333,
    6601.375,
    4104.25,
    921.1666666666666,
    1383.125,
    3462.0833333333335,
    3670.4166666666665
  ],
  "tfw_hybrid_std": [
    97.17498783570578,
    1010.0051648239304,
    719.74529386685,
    2969.424980933397,
    2081.1812420639485,
    1891.961124531667,
    205.07663820199483,
    226.8452674452761
  ],
  "tfw_gated_mean": [
    6960.333333333333,
    7222.041666666667,
    7157.75,
    7088.583333333333,
    7023.541666666667,
    6975.625,
    7047.083333333333,
    7062.291666666667
  ],
  "tfw_gated_std": [
    622.197135450107,
    97.90300398049999,
    97.17498783570578,
    296.05242142546996,
    621.7715209587541,
    747.3987825902524,
    470.8471474182296,
    102.28157178854963
  ],
  "tfw_etc_mean": [
    8000.0,
    7882.0,
    7074.416666666667,
    6336.0,
    6186.208333333333,
    6807.458333333333,
    6895.416666666667,
    6976.0
  ],
  "tfw_etc_std": [
    0.0,
    166.28079969685643,
    2199.1200397603043,
    2482.163011849001,
    1950.4207568171512,
    483.21243677907444,
    336.8094438243609,
    63.45624990632454
  ],
  "convergence_baseline_mean": [
    7857.666666666667,
    7857.666666666667,
    7857.666666666667,
    7857.666666666667,
    7857.666666666667,
    7857.666666666667,
    7857.666666666667,
    7857.666666666667
  ],
  "convergence_hybrid_mean": [
    8000.0,
    6858.0,
    4379.0,
    2089.4166666666665,
    1049.4583333333333,
    1196.3333333333333,
    3986.75,
    4283.291666666667
  ],
  "theorem1_offline_transfer_rate_gated_mean": [
    NaN,
    0.0,
    0.0,
    0.0,
    0.0,
    0.0,
    0.2916666666666667,
    0.6666666666666666
  ],
  "offline_m0_nonempty_rate_gated_mean": [
    NaN,
    0.0,
    0.125,
    0.5833333333333334,
    1.0,
    1.0,
    1.0,
    1.0
  ],
  "c_man_per_noff": {
    "500": {
      "c_man": 8.485281374238571,
      "lhs": 1.1384199576606167,
      "threshold": 0.08236812780096034
    },
    "1000": {
      "c_man": 8.485281374238571,
      "lhs": 0.8049844718999244,
      "threshold": 0.08236812780096034
    },
    "2000": {
      "c_man": 8.485281374238571,
      "lhs": 0.5692099788303083,
      "threshold": 0.08236812780096034
    },
    "4000": {
      "c_man": 8.485281374238571,
      "lhs": 0.4024922359499622,
      "threshold": 0.08236812780096034
    },
    "6000": {
      "c_man": 8.485281374238571,
      "lhs": 0.32863353450309973,
      "threshold": 0.08236812780096034
    },
    "10000": {
      "c_man": 8.48528137423857,
      "lhs": 0.2545584412271571,
      "threshold": 0.08236812780096034
    },
    "15000": {
      "c_man": 8.48528137423857,
      "lhs": 0.20784609690826525,
      "threshold": 0.08236812780096034
    }
  },
  "delta3": 0.32947251120384136
}