{
  "n_off_fixed": 2000,
  "game_seed": 3197,
  "tfw_hybrid_good_mean": 4603.208333333333,
  "tfw_hybrid_good_std": 2751.24259640537,
  "tfw_hybrid_neutral_mean": 5156.416666666667,
  "tfw_hybrid_neutral_std": 1631.8468576023506,
  "tfw_hybrid_adversarial_mean": 6705.875,
  "tfw_hybrid_adversarial_std": 813.2965827554787,
  "tfw_gated_good_mean": 7162.75,
  "tfw_gated_good_std": 117.98940630412545,
  "tfw_gated_neutral_mean": 7162.75,
  "tfw_gated_neutral_std": 117.98940630412545,
  "tfw_gated_adversarial_mean": 7162.75,
  "tfw_gated_adversarial_std": 117.98940630412545,
  "tfw_etc_good_mean": 6662.25,
  "tfw_etc_good_std": 2093.0137050590993,
  "tfw_etc_neutral_mean": 7031.5,
  "tfw_etc_neutral_std": 87.13457857021342,
  "tfw_etc_adversarial_mean": 7459.375,
  "tfw_etc_adversarial_std": 191.9329168361107,
  "tfw_baseline_good_mean": 7147.625,
  "tfw_baseline_good_std": 167.2282513317599,
  "tfw_baseline_neutral_mean": 7147.625,
  "tfw_baseline_neutral_std": 167.2282513317599,
  "tfw_baseline_adversarial_mean": 7147.625,
  "tfw_baseline_adversarial_std": 167.2282513317599
}