{
  "n_off": [
    0,
    200,
    500,
    1000,
    2000,
    3000,
    5000,
    8000
  ],
  "reward_model": "Bernoulli",
  "confidence_sets": "regression_Hoeffding",
  "confidence_delta": 0.05,
  "gamma_exp3": 0.01,
  "game_seed": 5003,
  "data_quality": "good",
  "tfw_baseline_mean": [
    993.4166666666666,
    993.4166666666666,
    993.4166666666666,
    993.4166666666666,
    993.4166666666666,
    993.4166666666666,
    993.4166666666666,
    993.4166666666666
  ],
  "tfw_baseline_std": [
    112.8889090969589,
    112.8889090969589,
    112.8889090969589,
    112.8889090969589,
    112.8889090969589,
    112.8889090969589,
    112.8889090969589,
    112.8889090969589
  ],
  "tfw_hybrid_mean": [
    1023.1666666666666,
    1116.8333333333333,
    1175.875,
    1060.0833333333333,
    990.625,
    977.0,
    1327.375,
    2551.6666666666665
  ],
  "tfw_hybrid_std": [
    88.31498305431563,
    151.7044227570771,
    233.6352252513753,
    103.21017672550583,
    104.20081469263422,
    263.7215263839129,
    1276.6420904756012,
    1660.77367163795
  ],
  "tfw_gated_mean": [
    1087.875,
    1035.9166666666667,
    1023.1666666666666,
    978.4166666666666,
    1033.8333333333333,
    1006.75,
    1006.4583333333334,
    1054.5416666666667
  ],
  "tfw_gated_std": [
    274.8963935265667,
    209.65166071505303,
    88.31498305431563,
    100.49482645851745,
    86.1392536216373,
    108.54301892117125,
    98.70023971014753,
    110.40989998407188
  ],
  "tfw_etc_mean": [
    4404.583333333333,
    2282.75,
    1373.9166666666667,
    931.5416666666666,
    880.125,
    1226.7083333333333,
    1229.7916666666667,
    31.916666666666668
  ],
  "tfw_etc_std": [
    70.80893868080109,
    1271.0937860927015,
    1115.6484921206206,
    619.6444968982069,
    967.9407236836445,
    1698.018345759619,
    1890.185658678893,
    108.16489692842238
  ],
  "convergence_baseline_mean": [
    1489.4583333333333,
    1489.4583333333333,
    1489.4583333333333,
    1489.4583333333333,
    1489.4583333333333,
    1489.4583333333333,
    1489.4583333333333,
    1489.4583333333333
  ],
  "convergence_hybrid_mean": [
    1445.2916666666667,
    1634.7083333333333,
    1567.0833333333333,
    1467.5416666666667,
    1131.875,
    1157.8333333333333,
    1588.0833333333333,
    2571.0833333333335
  ],
  "theorem1_offline_transfer_rate_gated_mean": [
    NaN,
    0.0,
    0.0,
    0.0,
    0.0,
    0.0,
    0.0,
    0.0
  ],
  "offline_m0_nonempty_rate_gated_mean": [
    NaN,
    0.0,
    0.0,
    0.0,
    0.08333333333333333,
    0.7083333333333334,
    1.0,
    1.0
  ],
  "c_man_per_noff": {
    "200": {
      "c_man": 5.656854249492381,
      "lhs": 0.8,
      "threshold": 0.02957468854925191
    },
    "500": {
      "c_man": 5.656854249492381,
      "lhs": 0.5059644256269408,
      "threshold": 0.02957468854925191
    },
    "1000": {
      "c_man": 5.656854249492381,
      "lhs": 0.35777087639996635,
      "threshold": 0.02957468854925191
    },
    "2000": {
      "c_man": 5.656854249492381,
      "lhs": 0.2529822128134704,
      "threshold": 0.02957468854925191
    },
    "3000": {
      "c_man": 5.656854249492381,
      "lhs": 0.2065591117977289,
      "threshold": 0.02957468854925191
    },
    "5000": {
      "c_man": 5.656854249492381,
      "lhs": 0.16,
      "threshold": 0.02957468854925191
    },
    "8000": {
      "c_man": 5.656854249492381,
      "lhs": 0.1264911064067352,
      "threshold": 0.02957468854925191
    }
  },
  "delta3": 0.11829875419700764
}