{
  "n_off_fixed": 1000,
  "game_seed": 5003,
  "tfw_hybrid_good_mean": 1056.9583333333333,
  "tfw_hybrid_good_std": 128.30042162208898,
  "tfw_hybrid_neutral_mean": 867.6666666666666,
  "tfw_hybrid_neutral_std": 560.4820647688348,
  "tfw_hybrid_adversarial_mean": 580.9166666666666,
  "tfw_hybrid_adversarial_std": 110.8720048040774,
  "tfw_gated_good_mean": 963.5416666666666,
  "tfw_gated_good_std": 118.23042320407423,
  "tfw_gated_neutral_mean": 963.5416666666666,
  "tfw_gated_neutral_std": 118.23042320407423,
  "tfw_gated_adversarial_mean": 963.5416666666666,
  "tfw_gated_adversarial_std": 118.23042320407423,
  "tfw_etc_good_mean": 1070.6666666666667,
  "tfw_etc_good_std": 866.0237303037807,
  "tfw_etc_neutral_mean": 1384.9166666666667,
  "tfw_etc_neutral_std": 1333.9904476767265,
  "tfw_etc_adversarial_mean": 1322.6666666666667,
  "tfw_etc_adversarial_std": 1204.6358521278885,
  "tfw_baseline_good_mean": 998.4166666666666,
  "tfw_baseline_good_std": 106.82326593456848,
  "tfw_baseline_neutral_mean": 998.4166666666666,
  "tfw_baseline_neutral_std": 106.82326593456848,
  "tfw_baseline_adversarial_mean": 998.4166666666666,
  "tfw_baseline_adversarial_std": 106.82326593456848
}