{
  "n_off": [
    0,
    500,
    1000,
    2000,
    4000,
    6000,
    10000,
    15000
  ],
  "reward_model": "Bernoulli",
  "confidence_sets": "regression_Hoeffding",
  "confidence_delta": 0.05,
  "gamma_exp3": 0.01,
  "game_seed": 1603,
  "data_quality": "good",
  "tfw_baseline_mean": [
    6523.958333333333,
    6523.958333333333,
    6523.958333333333,
    6523.958333333333,
    6523.958333333333,
    6523.958333333333,
    6523.958333333333,
    6523.958333333333
  ],
  "tfw_baseline_std": [
    281.91402932017456,
    281.91402932017456,
    281.91402932017456,
    281.91402932017456,
    281.91402932017456,
    281.91402932017456,
    281.91402932017456,
    281.91402932017456
  ],
  "tfw_hybrid_mean": [
    6539.291666666667,
    6826.291666666667,
    6818.041666666667,
    5858.333333333333,
    4958.083333333333,
    4787.708333333333,
    4178.625,
    3179.0416666666665
  ],
  "tfw_hybrid_std": [
    265.5624841181723,
    244.51753367675357,
    253.89701424116774,
    1958.59272164362,
    3204.6640726978826,
    3036.462937712471,
    2217.8134710546115,
    541.1546816694406
  ],
  "tfw_gated_mean": [
    6616.375,
    6527.625,
    6539.291666666667,
    6575.791666666667,
    6554.25,
    6457.875,
    6515.958333333333,
    6302.583333333333
  ],
  "tfw_gated_std": [
    226.3477149066857,
    254.91802817171742,
    265.5624841181723,
    216.79523080881938,
    233.04492009612375,
    276.0069804567804,
    423.8171754287523,
    323.4005346271113
  ],
  "tfw_etc_mean": [
    7683.583333333333,
    7767.5,
    6951.5,
    5889.166666666667,
    5962.083333333333,
    5571.0,
    6391.583333333333,
    6311.958333333333
  ],
  "tfw_etc_std": [
    28.445090761075047,
    586.9507052851906,
    2295.0001610305903,
    2535.361386926692,
    2161.3348113299494,
    1978.61589743063,
    400.73930772214396,
    343.4101970032298
  ],
  "convergence_baseline_mean": [
    8000.0,
    8000.0,
    8000.0,
    8000.0,
    8000.0,
    8000.0,
    8000.0,
    8000.0
  ],
  "convergence_hybrid_mean": [
    8000.0,
    8000.0,
    8000.0,
    6128.541666666667,
    5307.916666666667,
    5191.5,
    3956.5833333333335,
    2594.0416666666665
  ],
  "theorem1_offline_transfer_rate_gated_mean": [
    NaN,
    0.0,
    0.0,
    0.0,
    0.0,
    0.0,
    0.375,
    0.8333333333333334
  ],
  "offline_m0_nonempty_rate_gated_mean": [
    NaN,
    0.0,
    0.08333333333333333,
    0.16666666666666666,
    0.75,
    0.9583333333333334,
    1.0,
    1.0
  ],
  "c_man_per_noff": {
    "500": {
      "c_man": 8.485281374238571,
      "lhs": 1.1384199576606167,
      "threshold": 0.09679811934803934
    },
    "1000": {
      "c_man": 8.485281374238571,
      "lhs": 0.8049844718999244,
      "threshold": 0.09679811934803934
    },
    "2000": {
      "c_man": 8.485281374238571,
      "lhs": 0.5692099788303083,
      "threshold": 0.09679811934803934
    },
    "4000": {
      "c_man": 8.485281374238571,
      "lhs": 0.4024922359499622,
      "threshold": 0.09679811934803934
    },
    "6000": {
      "c_man": 8.485281374238571,
      "lhs": 0.32863353450309973,
      "threshold": 0.09679811934803934
    },
    "10000": {
      "c_man": 8.48528137423857,
      "lhs": 0.2545584412271571,
      "threshold": 0.09679811934803934
    },
    "15000": {
      "c_man": 8.48528137423857,
      "lhs": 0.20784609690826525,
      "threshold": 0.09679811934803934
    }
  },
  "delta3": 0.38719247739215734
}