{
  "n_off_fixed": 2000,
  "game_seed": 1603,
  "tfw_hybrid_good_mean": 5979.125,
  "tfw_hybrid_good_std": 1846.945217343916,
  "tfw_hybrid_neutral_mean": 6525.75,
  "tfw_hybrid_neutral_std": 511.59981388309495,
  "tfw_hybrid_adversarial_mean": 5833.416666666667,
  "tfw_hybrid_adversarial_std": 343.58935508472354,
  "tfw_gated_good_mean": 6589.291666666667,
  "tfw_gated_good_std": 168.35714604134986,
  "tfw_gated_neutral_mean": 6589.291666666667,
  "tfw_gated_neutral_std": 168.35714604134986,
  "tfw_gated_adversarial_mean": 6589.291666666667,
  "tfw_gated_adversarial_std": 168.35714604134986,
  "tfw_etc_good_mean": 5898.333333333333,
  "tfw_etc_good_std": 2454.067407505285,
  "tfw_etc_neutral_mean": 6903.375,
  "tfw_etc_neutral_std": 434.46116677418087,
  "tfw_etc_adversarial_mean": 5331.25,
  "tfw_etc_adversarial_std": 1492.559932523285,
  "tfw_baseline_good_mean": 6512.166666666667,
  "tfw_baseline_good_std": 252.90635260587226,
  "tfw_baseline_neutral_mean": 6512.166666666667,
  "tfw_baseline_neutral_std": 252.90635260587226,
  "tfw_baseline_adversarial_mean": 6512.166666666667,
  "tfw_baseline_adversarial_std": 252.90635260587226
}