{
  "n_off": [
    0,
    1000,
    2000,
    4000,
    8000,
    12000,
    20000,
    30000
  ],
  "reward_model": "Bernoulli",
  "confidence_sets": "regression_Hoeffding",
  "confidence_delta": 0.05,
  "gamma_exp3": 0.01,
  "game_seed": 7184,
  "data_quality": "good",
  "tfw_baseline_mean": [
    5015.208333333333,
    5015.208333333333,
    5015.208333333333,
    5015.208333333333,
    5015.208333333333,
    5015.208333333333,
    5015.208333333333,
    5015.208333333333
  ],
  "tfw_baseline_std": [
    342.4978551715345,
    342.4978551715345,
    342.4978551715345,
    342.4978551715345,
    342.4978551715345,
    342.4978551715345,
    342.4978551715345,
    342.4978551715345
  ],
  "tfw_hybrid_mean": [
    4846.333333333333,
    4317.041666666667,
    2173.9583333333335,
    1289.25,
    89.5,
    487.8333333333333,
    2789.0416666666665,
    2771.5833333333335
  ],
  "tfw_hybrid_std": [
    344.285228902693,
    1196.2055763108203,
    977.6141089481538,
    1403.7189812283902,
    129.49970622763388,
    1169.9356231514794,
    359.25714166955646,
    220.30846293454027
  ],
  "tfw_gated_mean": [
    4993.333333333333,
    4957.041666666667,
    4846.333333333333,
    4955.0,
    4851.541666666667,
    4997.375,
    8751.791666666666,
    9365.375
  ],
  "tfw_gated_std": [
    412.79183791503846,
    421.93492998912467,
    344.285228902693,
    323.75863258593284,
    371.921915503623,
    1121.9488794252072,
    1740.39865446089,
    619.561051664104
  ],
  "tfw_etc_mean": [
    11786.958333333334,
    8746.708333333334,
    7666.666666666667,
    2093.625,
    6883.083333333333,
    9520.333333333334,
    9605.291666666666,
    9360.0
  ],
  "tfw_etc_std": [
    17.543682541058747,
    3538.3974569578522,
    3690.82266859497,
    1892.164181048642,
    4021.198425266069,
    2057.080575172889,
    487.4986269025627,
    675.6079387903326
  ],
  "convergence_baseline_mean": [
    7889.083333333333,
    7889.083333333333,
    7889.083333333333,
    7889.083333333333,
    7889.083333333333,
    7889.083333333333,
    7889.083333333333,
    7889.083333333333
  ],
  "convergence_hybrid_mean": [
    7352.583333333333,
    6136.958333333333,
    2384.4583333333335,
    1686.1666666666667,
    221.70833333333334,
    355.125,
    3267.4166666666665,
    3711.7916666666665
  ],
  "theorem1_offline_transfer_rate_gated_mean": [
    NaN,
    0.0,
    0.0,
    0.0,
    0.0,
    0.041666666666666664,
    0.8333333333333334,
    1.0
  ],
  "offline_m0_nonempty_rate_gated_mean": [
    NaN,
    0.0,
    0.041666666666666664,
    0.7083333333333334,
    1.0,
    1.0,
    1.0,
    1.0
  ],
  "c_man_per_noff": {
    "1000": {
      "c_man": 11.313708498984761,
      "lhs": 1.4310835055998654,
      "threshold": 0.11507864714725516
    },
    "2000": {
      "c_man": 11.313708498984761,
      "lhs": 1.0119288512538815,
      "threshold": 0.11507864714725516
    },
    "4000": {
      "c_man": 11.313708498984761,
      "lhs": 0.7155417527999327,
      "threshold": 0.11507864714725516
    },
    "8000": {
      "c_man": 11.313708498984761,
      "lhs": 0.5059644256269408,
      "threshold": 0.11507864714725516
    },
    "12000": {
      "c_man": 11.313708498984761,
      "lhs": 0.4131182235954578,
      "threshold": 0.11507864714725516
    },
    "20000": {
      "c_man": 11.313708498984761,
      "lhs": 0.32,
      "threshold": 0.11507864714725516
    },
    "30000": {
      "c_man": 11.313708498984761,
      "lhs": 0.26127890589687236,
      "threshold": 0.11507864714725516
    }
  },
  "delta3": 0.46031458858902063
}