{
  "n_off_fixed": 4000,
  "game_seed": 7184,
  "tfw_hybrid_good_mean": 1127.625,
  "tfw_hybrid_good_std": 1397.4310222535214,
  "tfw_hybrid_neutral_mean": 9534.416666666666,
  "tfw_hybrid_neutral_std": 2188.6245614573763,
  "tfw_hybrid_adversarial_mean": 4029.6666666666665,
  "tfw_hybrid_adversarial_std": 340.0895875151603,
  "tfw_gated_good_mean": 4934.541666666667,
  "tfw_gated_good_std": 445.4206589346717,
  "tfw_gated_neutral_mean": 4934.541666666667,
  "tfw_gated_neutral_std": 445.4206589346717,
  "tfw_gated_adversarial_mean": 4934.541666666667,
  "tfw_gated_adversarial_std": 445.4206589346717,
  "tfw_etc_good_mean": 2287.875,
  "tfw_etc_good_std": 2377.2432392328433,
  "tfw_etc_neutral_mean": 7395.0,
  "tfw_etc_neutral_std": 4656.478768526614,
  "tfw_etc_adversarial_mean": 4014.8333333333335,
  "tfw_etc_adversarial_std": 395.7326355515548,
  "tfw_baseline_good_mean": 5141.875,
  "tfw_baseline_good_std": 318.1810139035572,
  "tfw_baseline_neutral_mean": 5141.875,
  "tfw_baseline_neutral_std": 318.1810139035572,
  "tfw_baseline_adversarial_mean": 5141.875,
  "tfw_baseline_adversarial_std": 318.1810139035572
}