{
  "n_off": [
    0,
    1000,
    2000,
    4000,
    8000,
    12000,
    20000,
    30000
  ],
  "reward_model": "Bernoulli",
  "confidence_sets": "regression_Hoeffding",
  "confidence_delta": 0.05,
  "gamma_exp3": 0.01,
  "game_seed": 737,
  "data_quality": "good",
  "tfw_baseline_mean": [
    11016.25,
    11016.25,
    11016.25,
    11016.25,
    11016.25,
    11016.25,
    11016.25,
    11016.25
  ],
  "tfw_baseline_std": [
    192.72761811066076,
    192.72761811066076,
    192.72761811066076,
    192.72761811066076,
    192.72761811066076,
    192.72761811066076,
    192.72761811066076,
    192.72761811066076
  ],
  "tfw_hybrid_mean": [
    11054.833333333334,
    10384.291666666666,
    9070.833333333334,
    9512.291666666666,
    6652.75,
    3205.4166666666665,
    1996.4166666666667,
    5388.25
  ],
  "tfw_hybrid_std": [
    148.58657750447296,
    2320.218626864563,
    3506.9368606987396,
    3700.2628400081157,
    5056.145801849984,
    4309.691141124159,
    1860.2302315823042,
    910.9762202785776
  ],
  "tfw_gated_mean": [
    11086.25,
    11055.25,
    11054.833333333334,
    11014.291666666666,
    11066.708333333334,
    11032.833333333334,
    10058.25,
    9685.541666666666
  ],
  "tfw_gated_std": [
    202.8608968684228,
    159.4125765591203,
    148.58657750447296,
    181.9743123694079,
    144.30206216450108,
    155.30297644524921,
    620.286066543354,
    289.7238534050727
  ],
  "tfw_etc_mean": [
    11804.708333333334,
    11577.333333333334,
    11717.041666666666,
    11430.416666666666,
    9709.958333333334,
    9897.541666666666,
    9661.458333333334,
    9671.25
  ],
  "tfw_etc_std": [
    16.260058202651773,
    964.5304632269289,
    382.292112209984,
    397.77357735347346,
    2691.3730531518454,
    592.6174790278088,
    295.0716905028876,
    296.7473306718522
  ],
  "convergence_baseline_mean": [
    12000.0,
    12000.0,
    12000.0,
    12000.0,
    12000.0,
    12000.0,
    12000.0,
    12000.0
  ],
  "convergence_hybrid_mean": [
    12000.0,
    10930.625,
    9529.875,
    9928.0,
    6053.625,
    2770.2916666666665,
    840.5416666666666,
    1551.0
  ],
  "theorem1_offline_transfer_rate_gated_mean": [
    NaN,
    0.0,
    0.0,
    0.0,
    0.0,
    0.0,
    0.75,
    1.0
  ],
  "offline_m0_nonempty_rate_gated_mean": [
    NaN,
    0.0,
    0.0,
    0.16666666666666666,
    0.875,
    1.0,
    1.0,
    1.0
  ],
  "c_man_per_noff": {
    "1000": {
      "c_man": 11.313708498984761,
      "lhs": 1.4310835055998654,
      "threshold": 0.11819662934733521
    },
    "2000": {
      "c_man": 11.313708498984761,
      "lhs": 1.0119288512538815,
      "threshold": 0.11819662934733521
    },
    "4000": {
      "c_man": 11.313708498984761,
      "lhs": 0.7155417527999327,
      "threshold": 0.11819662934733521
    },
    "8000": {
      "c_man": 11.313708498984761,
      "lhs": 0.5059644256269408,
      "threshold": 0.11819662934733521
    },
    "12000": {
      "c_man": 11.313708498984761,
      "lhs": 0.4131182235954578,
      "threshold": 0.11819662934733521
    },
    "20000": {
      "c_man": 11.313708498984761,
      "lhs": 0.32,
      "threshold": 0.11819662934733521
    },
    "30000": {
      "c_man": 11.313708498984761,
      "lhs": 0.26127890589687236,
      "threshold": 0.11819662934733521
    }
  },
  "delta3": 0.47278651738934085
}