{
  "n_off_fixed": 4000,
  "game_seed": 737,
  "tfw_hybrid_good_mean": 9628.083333333334,
  "tfw_hybrid_good_std": 3903.2131013426306,
  "tfw_hybrid_neutral_mean": 9894.125,
  "tfw_hybrid_neutral_std": 2257.041143361389,
  "tfw_hybrid_adversarial_mean": 11071.583333333334,
  "tfw_hybrid_adversarial_std": 164.1258575040791,
  "tfw_gated_good_mean": 11041.208333333334,
  "tfw_gated_good_std": 149.9289626475809,
  "tfw_gated_neutral_mean": 11041.208333333334,
  "tfw_gated_neutral_std": 149.9289626475809,
  "tfw_gated_adversarial_mean": 11041.208333333334,
  "tfw_gated_adversarial_std": 149.9289626475809,
  "tfw_etc_good_mean": 10086.416666666666,
  "tfw_etc_good_std": 3733.243337748101,
  "tfw_etc_neutral_mean": 8447.083333333334,
  "tfw_etc_neutral_std": 4196.704358304799,
  "tfw_etc_adversarial_mean": 11092.708333333334,
  "tfw_etc_adversarial_std": 259.0434711154408,
  "tfw_baseline_good_mean": 11039.916666666666,
  "tfw_baseline_good_std": 208.60945759265434,
  "tfw_baseline_neutral_mean": 11039.916666666666,
  "tfw_baseline_neutral_std": 208.60945759265434,
  "tfw_baseline_adversarial_mean": 11039.916666666666,
  "tfw_baseline_adversarial_std": 208.60945759265434
}