{
  "n_off": [
    0,
    500,
    1000,
    2000,
    4000,
    6000,
    10000,
    15000
  ],
  "reward_model": "Bernoulli",
  "confidence_sets": "regression_Hoeffding",
  "confidence_delta": 0.05,
  "gamma_exp3": 0.01,
  "game_seed": 5003,
  "data_quality": "good",
  "tfw_baseline_mean": [
    4042.1666666666665,
    4042.1666666666665,
    4042.1666666666665,
    4042.1666666666665,
    4042.1666666666665,
    4042.1666666666665,
    4042.1666666666665,
    4042.1666666666665
  ],
  "tfw_baseline_std": [
    458.3278365941801,
    458.3278365941801,
    458.3278365941801,
    458.3278365941801,
    458.3278365941801,
    458.3278365941801,
    458.3278365941801,
    458.3278365941801
  ],
  "tfw_hybrid_mean": [
    4118.458333333333,
    4316.625,
    4658.75,
    4604.791666666667,
    1434.2916666666667,
    571.7083333333334,
    37.291666666666664,
    37.833333333333336
  ],
  "tfw_hybrid_std": [
    377.9314383607816,
    724.703766316309,
    673.697277520943,
    714.9126416177908,
    2290.231913055905,
    1566.2035094364383,
    83.22232098508745,
    85.16667375705465
  ],
  "tfw_gated_mean": [
    4258.708333333333,
    3919.8333333333335,
    4118.458333333333,
    4118.166666666667,
    3997.0833333333335,
    4086.375,
    4196.333333333333,
    3725.2916666666665
  ],
  "tfw_gated_std": [
    537.4841942401385,
    348.1188785791262,
    377.9314383607816,
    445.5605816093452,
    385.471694857394,
    399.2534133147496,
    538.2270142240908,
    893.9956462867759
  ],
  "tfw_etc_mean": [
    3703.125,
    6478.666666666667,
    4759.583333333333,
    3693.625,
    1922.7083333333333,
    2712.4583333333335,
    185.75,
    109.75
  ],
  "tfw_etc_std": [
    336.1106588610364,
    1965.1355007306447,
    2113.5675983402148,
    2147.843768354875,
    2568.847745063697,
    3219.6981492216705,
    345.2577172263465,
    166.9663465179891
  ],
  "convergence_baseline_mean": [
    6851.958333333333,
    6851.958333333333,
    6851.958333333333,
    6851.958333333333,
    6851.958333333333,
    6851.958333333333,
    6851.958333333333,
    6851.958333333333
  ],
  "convergence_hybrid_mean": [
    7431.291666666667,
    6650.166666666667,
    7429.458333333333,
    7078.333333333333,
    2147.875,
    907.0,
    224.58333333333334,
    202.0
  ],
  "theorem1_offline_transfer_rate_gated_mean": [
    NaN,
    0.0,
    0.0,
    0.0,
    0.0,
    0.0,
    0.0,
    0.041666666666666664
  ],
  "offline_m0_nonempty_rate_gated_mean": [
    NaN,
    0.0,
    0.0,
    0.125,
    0.8333333333333334,
    1.0,
    1.0,
    1.0
  ],
  "c_man_per_noff": {
    "500": {
      "c_man": 8.485281374238571,
      "lhs": 1.1384199576606167,
      "threshold": 0.07566571785256643
    },
    "1000": {
      "c_man": 8.485281374238571,
      "lhs": 0.8049844718999244,
      "threshold": 0.07566571785256643
    },
    "2000": {
      "c_man": 8.485281374238571,
      "lhs": 0.5692099788303083,
      "threshold": 0.07566571785256643
    },
    "4000": {
      "c_man": 8.485281374238571,
      "lhs": 0.4024922359499622,
      "threshold": 0.07566571785256643
    },
    "6000": {
      "c_man": 8.485281374238571,
      "lhs": 0.32863353450309973,
      "threshold": 0.07566571785256643
    },
    "10000": {
      "c_man": 8.48528137423857,
      "lhs": 0.2545584412271571,
      "threshold": 0.07566571785256643
    },
    "15000": {
      "c_man": 8.48528137423857,
      "lhs": 0.20784609690826525,
      "threshold": 0.07566571785256643
    }
  },
  "delta3": 0.3026628714102657
}