{
  "n_off_fixed": 2000,
  "game_seed": 5003,
  "tfw_hybrid_good_mean": 4453.5,
  "tfw_hybrid_good_std": 663.3027376237267,
  "tfw_hybrid_neutral_mean": 2907.0,
  "tfw_hybrid_neutral_std": 888.7888192463896,
  "tfw_hybrid_adversarial_mean": 2391.75,
  "tfw_hybrid_adversarial_std": 672.1678911648811,
  "tfw_gated_good_mean": 3928.7916666666665,
  "tfw_gated_good_std": 398.8859463410635,
  "tfw_gated_neutral_mean": 3928.7916666666665,
  "tfw_gated_neutral_std": 398.8859463410635,
  "tfw_gated_adversarial_mean": 3928.7916666666665,
  "tfw_gated_adversarial_std": 398.8859463410635,
  "tfw_etc_good_mean": 3319.1666666666665,
  "tfw_etc_good_std": 2149.1628231894647,
  "tfw_etc_neutral_mean": 6097.291666666667,
  "tfw_etc_neutral_std": 1422.5088821963595,
  "tfw_etc_adversarial_mean": 2527.7916666666665,
  "tfw_etc_adversarial_std": 1459.0322575677305,
  "tfw_baseline_good_mean": 4029.0416666666665,
  "tfw_baseline_good_std": 483.8850455623118,
  "tfw_baseline_neutral_mean": 4029.0416666666665,
  "tfw_baseline_neutral_std": 483.8850455623118,
  "tfw_baseline_adversarial_mean": 4029.0416666666665,
  "tfw_baseline_adversarial_std": 483.8850455623118
}