{
  "n_off": [
    0,
    200,
    500,
    1000,
    2000,
    3000,
    5000,
    8000
  ],
  "reward_model": "Bernoulli",
  "confidence_sets": "regression_Hoeffding",
  "confidence_delta": 0.05,
  "gamma_exp3": 0.01,
  "game_seed": 4098,
  "data_quality": "good",
  "tfw_baseline_mean": [
    2677.875,
    2677.875,
    2677.875,
    2677.875,
    2677.875,
    2677.875,
    2677.875,
    2677.875
  ],
  "tfw_baseline_std": [
    173.613592059568,
    173.613592059568,
    173.613592059568,
    173.613592059568,
    173.613592059568,
    173.613592059568,
    173.613592059568,
    173.613592059568
  ],
  "tfw_hybrid_mean": [
    2707.0833333333335,
    2749.2083333333335,
    2648.4166666666665,
    2727.1666666666665,
    2457.125,
    1886.1666666666667,
    690.1666666666666,
    1.2916666666666667
  ],
  "tfw_hybrid_std": [
    213.45540551817265,
    204.04091217346513,
    224.9334039930131,
    193.67019628103915,
    347.4173423745693,
    877.2589061421932,
    1312.8663519075405,
    2.422344654087936
  ],
  "tfw_gated_mean": [
    2659.0416666666665,
    2613.125,
    2707.0833333333335,
    2720.75,
    2583.5416666666665,
    2674.4583333333335,
    2570.5833333333335,
    2681.7083333333335
  ],
  "tfw_gated_std": [
    214.46221500923343,
    228.24039815034078,
    213.45540551817265,
    211.81683022181545,
    233.16573302689872,
    203.78483520117737,
    598.9415240867528,
    1245.2854563326528
  ],
  "tfw_etc_mean": [
    5000.0,
    4125.708333333333,
    3492.5416666666665,
    2018.5,
    1380.0833333333333,
    648.9583333333334,
    181.41666666666666,
    1974.4583333333333
  ],
  "tfw_etc_std": [
    0.0,
    921.916080268682,
    1079.9460928239878,
    1263.6797888292951,
    1952.7222006096067,
    1548.8991737238152,
    888.7565283398296,
    2192.9159459528983
  ],
  "convergence_baseline_mean": [
    5000.0,
    5000.0,
    5000.0,
    5000.0,
    5000.0,
    5000.0,
    5000.0,
    5000.0
  ],
  "convergence_hybrid_mean": [
    5000.0,
    5000.0,
    5000.0,
    5000.0,
    4784.291666666667,
    3425.7083333333335,
    893.0416666666666,
    202.0
  ],
  "theorem1_offline_transfer_rate_gated_mean": [
    NaN,
    0.0,
    0.0,
    0.0,
    0.0,
    0.0,
    0.041666666666666664,
    0.3333333333333333
  ],
  "offline_m0_nonempty_rate_gated_mean": [
    NaN,
    0.0,
    0.0,
    0.20833333333333334,
    0.9583333333333334,
    0.9583333333333334,
    1.0,
    1.0
  ],
  "c_man_per_noff": {
    "200": {
      "c_man": 5.656854249492381,
      "lhs": 0.8,
      "threshold": 0.05265091405172309
    },
    "500": {
      "c_man": 5.656854249492381,
      "lhs": 0.5059644256269408,
      "threshold": 0.05265091405172309
    },
    "1000": {
      "c_man": 5.656854249492381,
      "lhs": 0.35777087639996635,
      "threshold": 0.05265091405172309
    },
    "2000": {
      "c_man": 5.656854249492381,
      "lhs": 0.2529822128134704,
      "threshold": 0.05265091405172309
    },
    "3000": {
      "c_man": 5.656854249492381,
      "lhs": 0.2065591117977289,
      "threshold": 0.05265091405172309
    },
    "5000": {
      "c_man": 5.656854249492381,
      "lhs": 0.16,
      "threshold": 0.05265091405172309
    },
    "8000": {
      "c_man": 5.656854249492381,
      "lhs": 0.1264911064067352,
      "threshold": 0.05265091405172309
    }
  },
  "delta3": 0.21060365620689236
}