{
  "n_off_fixed": 1000,
  "game_seed": 4098,
  "tfw_hybrid_good_mean": 2622.3333333333335,
  "tfw_hybrid_good_std": 223.53536179095804,
  "tfw_hybrid_neutral_mean": 2644.9583333333335,
  "tfw_hybrid_neutral_std": 752.0647219584846,
  "tfw_hybrid_adversarial_mean": 2231.9166666666665,
  "tfw_hybrid_adversarial_std": 551.7221194600135,
  "tfw_gated_good_mean": 2639.5416666666665,
  "tfw_gated_good_std": 192.21002533837745,
  "tfw_gated_neutral_mean": 2639.5416666666665,
  "tfw_gated_neutral_std": 192.21002533837745,
  "tfw_gated_adversarial_mean": 2639.5416666666665,
  "tfw_gated_adversarial_std": 192.21002533837745,
  "tfw_etc_good_mean": 2496.0,
  "tfw_etc_good_std": 949.2473906709737,
  "tfw_etc_neutral_mean": 4443.916666666667,
  "tfw_etc_neutral_std": 151.37627080331595,
  "tfw_etc_adversarial_mean": 3459.6666666666665,
  "tfw_etc_adversarial_std": 1210.2358615491898,
  "tfw_baseline_good_mean": 2716.0416666666665,
  "tfw_baseline_good_std": 185.9447040682108,
  "tfw_baseline_neutral_mean": 2716.0416666666665,
  "tfw_baseline_neutral_std": 185.9447040682108,
  "tfw_baseline_adversarial_mean": 2716.0416666666665,
  "tfw_baseline_adversarial_std": 185.9447040682108
}