{
  "n_off": [
    0,
    500,
    1000,
    2000,
    4000,
    6000,
    10000,
    15000
  ],
  "reward_model": "Bernoulli",
  "confidence_sets": "regression_Hoeffding",
  "confidence_delta": 0.05,
  "gamma_exp3": 0.01,
  "game_seed": 8400,
  "data_quality": "good",
  "tfw_baseline_mean": [
    5162.083333333333,
    5162.083333333333,
    5162.083333333333,
    5162.083333333333,
    5162.083333333333,
    5162.083333333333,
    5162.083333333333,
    5162.083333333333
  ],
  "tfw_baseline_std": [
    528.3526421744795,
    528.3526421744795,
    528.3526421744795,
    528.3526421744795,
    528.3526421744795,
    528.3526421744795,
    528.3526421744795,
    528.3526421744795
  ],
  "tfw_hybrid_mean": [
    5290.416666666667,
    4785.791666666667,
    3944.1666666666665,
    1196.2916666666667,
    29.916666666666668,
    46.166666666666664,
    784.4166666666666,
    969.0416666666666
  ],
  "tfw_hybrid_std": [
    722.2618407936741,
    1847.9667082255958,
    2466.5473610003864,
    2196.3099583098497,
    62.00274654973072,
    86.8945721358168,
    937.9191082514463,
    904.6849790020192
  ],
  "tfw_gated_mean": [
    5386.291666666667,
    4924.5,
    5290.416666666667,
    5271.125,
    5218.958333333333,
    3573.25,
    1913.375,
    2979.4583333333335
  ],
  "tfw_gated_std": [
    527.999957111878,
    1097.4744525104188,
    722.2618407936741,
    748.9787430953536,
    1149.6446513055078,
    2760.0462543383137,
    2668.0257611118604,
    2939.995622285511
  ],
  "tfw_etc_mean": [
    8000.0,
    6563.125,
    5053.583333333333,
    1792.2083333333333,
    756.125,
    1232.625,
    1840.5833333333333,
    2939.5416666666665
  ],
  "tfw_etc_std": [
    0.0,
    1642.3085637231088,
    2576.7550864143686,
    2904.1676496577884,
    1888.044613338499,
    2527.416670668672,
    2808.695084858829,
    2904.239150219325
  ],
  "convergence_baseline_mean": [
    7879.291666666667,
    7879.291666666667,
    7879.291666666667,
    7879.291666666667,
    7879.291666666667,
    7879.291666666667,
    7879.291666666667,
    7879.291666666667
  ],
  "convergence_hybrid_mean": [
    7846.708333333333,
    6142.416666666667,
    5346.125,
    1398.6666666666667,
    202.0,
    207.125,
    209.70833333333334,
    206.375
  ],
  "theorem1_offline_transfer_rate_gated_mean": [
    NaN,
    0.0,
    0.0,
    0.0,
    0.041666666666666664,
    0.5,
    0.9166666666666666,
    1.0
  ],
  "offline_m0_nonempty_rate_gated_mean": [
    NaN,
    0.0,
    0.125,
    0.8333333333333334,
    1.0,
    1.0,
    1.0,
    1.0
  ],
  "c_man_per_noff": {
    "500": {
      "c_man": 8.485281374238571,
      "lhs": 1.1384199576606167,
      "threshold": 0.1275408618093053
    },
    "1000": {
      "c_man": 8.485281374238571,
      "lhs": 0.8049844718999244,
      "threshold": 0.1275408618093053
    },
    "2000": {
      "c_man": 8.485281374238571,
      "lhs": 0.5692099788303083,
      "threshold": 0.1275408618093053
    },
    "4000": {
      "c_man": 8.485281374238571,
      "lhs": 0.4024922359499622,
      "threshold": 0.1275408618093053
    },
    "6000": {
      "c_man": 8.485281374238571,
      "lhs": 0.32863353450309973,
      "threshold": 0.1275408618093053
    },
    "10000": {
      "c_man": 8.48528137423857,
      "lhs": 0.2545584412271571,
      "threshold": 0.1275408618093053
    },
    "15000": {
      "c_man": 8.48528137423857,
      "lhs": 0.20784609690826525,
      "threshold": 0.1275408618093053
    }
  },
  "delta3": 0.5101634472372212
}