{
  "n_off_fixed": 2000,
  "game_seed": 8400,
  "tfw_hybrid_good_mean": 463.5416666666667,
  "tfw_hybrid_good_std": 1346.2149508308767,
  "tfw_hybrid_neutral_mean": 7074.416666666667,
  "tfw_hybrid_neutral_std": 141.14251714110645,
  "tfw_hybrid_adversarial_mean": 4706.5,
  "tfw_hybrid_adversarial_std": 1579.8609184795762,
  "tfw_gated_good_mean": 5222.25,
  "tfw_gated_good_std": 585.7821415776554,
  "tfw_gated_neutral_mean": 5222.25,
  "tfw_gated_neutral_std": 585.7821415776554,
  "tfw_gated_adversarial_mean": 5222.25,
  "tfw_gated_adversarial_std": 585.7821415776554,
  "tfw_etc_good_mean": 187.5,
  "tfw_etc_good_std": 212.99336588974663,
  "tfw_etc_neutral_mean": 3893.7916666666665,
  "tfw_etc_neutral_std": 3495.7099916918874,
  "tfw_etc_adversarial_mean": 4182.625,
  "tfw_etc_adversarial_std": 1889.5248036730432,
  "tfw_baseline_good_mean": 5190.958333333333,
  "tfw_baseline_good_std": 386.65718769615734,
  "tfw_baseline_neutral_mean": 5190.958333333333,
  "tfw_baseline_neutral_std": 386.65718769615734,
  "tfw_baseline_adversarial_mean": 5190.958333333333,
  "tfw_baseline_adversarial_std": 386.65718769615734
}