{
  "n_off": [
    0,
    1000,
    2000,
    4000,
    8000,
    12000,
    20000,
    30000
  ],
  "reward_model": "Bernoulli",
  "confidence_sets": "regression_Hoeffding",
  "confidence_delta": 0.05,
  "gamma_exp3": 0.01,
  "game_seed": 5003,
  "data_quality": "good",
  "tfw_baseline_mean": [
    11296.583333333334,
    11296.583333333334,
    11296.583333333334,
    11296.583333333334,
    11296.583333333334,
    11296.583333333334,
    11296.583333333334,
    11296.583333333334
  ],
  "tfw_baseline_std": [
    111.08630278601709,
    111.08630278601709,
    111.08630278601709,
    111.08630278601709,
    111.08630278601709,
    111.08630278601709,
    111.08630278601709,
    111.08630278601709
  ],
  "tfw_hybrid_mean": [
    11258.5,
    11249.0,
    10435.0,
    10432.0,
    6345.625,
    6183.583333333333,
    2833.8333333333335,
    3626.2916666666665
  ],
  "tfw_hybrid_std": [
    109.61553365007764,
    1153.1065413274584,
    1810.1268752073227,
    1936.3982477561385,
    5173.422816266767,
    5107.587313660596,
    649.4574101018726,
    270.6244757668049
  ],
  "tfw_gated_mean": [
    11254.666666666666,
    11285.791666666666,
    11258.5,
    11270.833333333334,
    11300.958333333334,
    11261.958333333334,
    11295.166666666666,
    11298.125
  ],
  "tfw_gated_std": [
    120.80047029373853,
    126.67794810554788,
    109.61553365007764,
    113.99682172025166,
    135.6557276685189,
    101.52681340699958,
    147.1026458150808,
    105.10670044417182
  ],
  "tfw_etc_mean": [
    11681.166666666666,
    11896.666666666666,
    11660.666666666666,
    9452.083333333334,
    10106.0,
    10028.958333333334,
    10019.291666666666,
    9818.375
  ],
  "tfw_etc_std": [
    25.745690507542125,
    248.4409940735062,
    388.884879206382,
    4286.600902475228,
    802.882415994424,
    525.9110091001647,
    384.8946190239911,
    406.57079307619813
  ],
  "convergence_baseline_mean": [
    12000.0,
    12000.0,
    12000.0,
    12000.0,
    12000.0,
    12000.0,
    12000.0,
    12000.0
  ],
  "convergence_hybrid_mean": [
    12000.0,
    11601.291666666666,
    10176.291666666666,
    9591.208333333334,
    5517.625,
    5654.166666666667,
    1645.2083333333333,
    2016.7083333333333
  ],
  "theorem1_offline_transfer_rate_gated_mean": [
    NaN,
    0.0,
    0.0,
    0.0,
    0.0,
    0.0,
    0.0,
    0.0
  ],
  "offline_m0_nonempty_rate_gated_mean": [
    NaN,
    0.0,
    0.0,
    0.20833333333333334,
    0.875,
    1.0,
    1.0,
    1.0
  ],
  "c_man_per_noff": {
    "1000": {
      "c_man": 11.313708498984761,
      "lhs": 1.4310835055998654,
      "threshold": 0.07127243324103541
    },
    "2000": {
      "c_man": 11.313708498984761,
      "lhs": 1.0119288512538815,
      "threshold": 0.07127243324103541
    },
    "4000": {
      "c_man": 11.313708498984761,
      "lhs": 0.7155417527999327,
      "threshold": 0.07127243324103541
    },
    "8000": {
      "c_man": 11.313708498984761,
      "lhs": 0.5059644256269408,
      "threshold": 0.07127243324103541
    },
    "12000": {
      "c_man": 11.313708498984761,
      "lhs": 0.4131182235954578,
      "threshold": 0.07127243324103541
    },
    "20000": {
      "c_man": 11.313708498984761,
      "lhs": 0.32,
      "threshold": 0.07127243324103541
    },
    "30000": {
      "c_man": 11.313708498984761,
      "lhs": 0.26127890589687236,
      "threshold": 0.07127243324103541
    }
  },
  "delta3": 0.28508973296414164
}