{
  "n_off_fixed": 4000,
  "game_seed": 5003,
  "tfw_hybrid_good_mean": 9142.041666666666,
  "tfw_hybrid_good_std": 3060.1810045807915,
  "tfw_hybrid_neutral_mean": 8430.416666666666,
  "tfw_hybrid_neutral_std": 2697.24774243264,
  "tfw_hybrid_adversarial_mean": 11032.541666666666,
  "tfw_hybrid_adversarial_std": 98.77773872015226,
  "tfw_gated_good_mean": 11313.25,
  "tfw_gated_good_std": 113.33415387597248,
  "tfw_gated_neutral_mean": 11313.25,
  "tfw_gated_neutral_std": 113.33415387597248,
  "tfw_gated_adversarial_mean": 11313.25,
  "tfw_gated_adversarial_std": 113.33415387597248,
  "tfw_etc_good_mean": 10994.375,
  "tfw_etc_good_std": 2357.0819434299433,
  "tfw_etc_neutral_mean": 10103.833333333334,
  "tfw_etc_neutral_std": 359.0573003401215,
  "tfw_etc_adversarial_mean": 11229.791666666666,
  "tfw_etc_adversarial_std": 200.63875805009374,
  "tfw_baseline_good_mean": 11299.625,
  "tfw_baseline_good_std": 139.75438470215616,
  "tfw_baseline_neutral_mean": 11299.625,
  "tfw_baseline_neutral_std": 139.75438470215616,
  "tfw_baseline_adversarial_mean": 11299.625,
  "tfw_baseline_adversarial_std": 139.75438470215616
}