{
  "n_off": [
    0,
    200,
    500,
    1000,
    2000,
    3000,
    5000,
    8000
  ],
  "reward_model": "Bernoulli",
  "confidence_sets": "regression_Hoeffding",
  "confidence_delta": 0.05,
  "gamma_exp3": 0.01,
  "game_seed": 7657,
  "data_quality": "good",
  "tfw_baseline_mean": [
    3955.25,
    3955.25,
    3955.25,
    3955.25,
    3955.25,
    3955.25,
    3955.25,
    3955.25
  ],
  "tfw_baseline_std": [
    120.48967121527562,
    120.48967121527562,
    120.48967121527562,
    120.48967121527562,
    120.48967121527562,
    120.48967121527562,
    120.48967121527562,
    120.48967121527562
  ],
  "tfw_hybrid_mean": [
    3977.6666666666665,
    4125.083333333333,
    4150.333333333333,
    3987.6666666666665,
    3659.7916666666665,
    2953.5,
    2761.9166666666665,
    2714.8333333333335
  ],
  "tfw_hybrid_std": [
    149.4021903880717,
    143.14143709804213,
    178.06878657873534,
    457.401418855489,
    506.1400372612708,
    382.40543019611823,
    427.28657694874954,
    196.8123508555176
  ],
  "tfw_gated_mean": [
    4022.0833333333335,
    3946.2083333333335,
    3977.6666666666665,
    4039.1666666666665,
    4044.625,
    4031.0833333333335,
    4048.0416666666665,
    4019.5
  ],
  "tfw_gated_std": [
    81.18251935777408,
    276.0907190488799,
    149.4021903880717,
    105.78307034216057,
    113.49997605822387,
    129.67347510160874,
    86.68407364209648,
    100.04477258577347
  ],
  "tfw_etc_mean": [
    5000.0,
    4535.5,
    4381.625,
    4300.166666666667,
    4296.166666666667,
    4139.875,
    3666.2083333333335,
    2508.7083333333335
  ],
  "tfw_etc_std": [
    0.0,
    362.0852650004344,
    277.40095177103893,
    175.81998369544533,
    211.93942257300722,
    238.93373876817634,
    1139.1985733368672,
    1989.5264999091062
  ],
  "convergence_baseline_mean": [
    5000.0,
    5000.0,
    5000.0,
    5000.0,
    5000.0,
    5000.0,
    5000.0,
    5000.0
  ],
  "convergence_hybrid_mean": [
    5000.0,
    5000.0,
    4842.375,
    4704.833333333333,
    4270.208333333333,
    3544.8333333333335,
    3974.2916666666665,
    4479.875
  ],
  "theorem1_offline_transfer_rate_gated_mean": [
    NaN,
    0.0,
    0.0,
    0.0,
    0.0,
    0.0,
    0.0,
    0.0
  ],
  "offline_m0_nonempty_rate_gated_mean": [
    NaN,
    0.0,
    0.041666666666666664,
    0.9583333333333334,
    1.0,
    1.0,
    1.0,
    1.0
  ],
  "c_man_per_noff": {
    "200": {
      "c_man": 5.656854249492381,
      "lhs": 0.8,
      "threshold": 0.019867534618325494
    },
    "500": {
      "c_man": 5.656854249492381,
      "lhs": 0.5059644256269408,
      "threshold": 0.019867534618325494
    },
    "1000": {
      "c_man": 5.656854249492381,
      "lhs": 0.35777087639996635,
      "threshold": 0.019867534618325494
    },
    "2000": {
      "c_man": 5.656854249492381,
      "lhs": 0.2529822128134704,
      "threshold": 0.019867534618325494
    },
    "3000": {
      "c_man": 5.656854249492381,
      "lhs": 0.2065591117977289,
      "threshold": 0.019867534618325494
    },
    "5000": {
      "c_man": 5.656854249492381,
      "lhs": 0.16,
      "threshold": 0.019867534618325494
    },
    "8000": {
      "c_man": 5.656854249492381,
      "lhs": 0.1264911064067352,
      "threshold": 0.019867534618325494
    }
  },
  "delta3": 0.07947013847330198
}