{
  "n_off_fixed": 1000,
  "game_seed": 7657,
  "tfw_hybrid_good_mean": 4066.7083333333335,
  "tfw_hybrid_good_std": 348.0835081172166,
  "tfw_hybrid_neutral_mean": 3927.1666666666665,
  "tfw_hybrid_neutral_std": 1039.7042918506943,
  "tfw_hybrid_adversarial_mean": 4187.625,
  "tfw_hybrid_adversarial_std": 761.7420430942428,
  "tfw_gated_good_mean": 3971.9583333333335,
  "tfw_gated_good_std": 253.7875659349536,
  "tfw_gated_neutral_mean": 3971.9583333333335,
  "tfw_gated_neutral_std": 253.7875659349536,
  "tfw_gated_adversarial_mean": 3971.9583333333335,
  "tfw_gated_adversarial_std": 253.7875659349536,
  "tfw_etc_good_mean": 4365.5,
  "tfw_etc_good_std": 185.3037459439759,
  "tfw_etc_neutral_mean": 4410.666666666667,
  "tfw_etc_neutral_std": 233.98655975275062,
  "tfw_etc_adversarial_mean": 4333.833333333333,
  "tfw_etc_adversarial_std": 219.59263998648015,
  "tfw_baseline_good_mean": 3986.8333333333335,
  "tfw_baseline_good_std": 106.4121056641774,
  "tfw_baseline_neutral_mean": 3986.8333333333335,
  "tfw_baseline_neutral_std": 106.4121056641774,
  "tfw_baseline_adversarial_mean": 3986.8333333333335,
  "tfw_baseline_adversarial_std": 106.4121056641774
}