{
  "n_off": [
    0,
    200,
    500,
    1000,
    2000,
    3000,
    5000,
    8000
  ],
  "reward_model": "Bernoulli",
  "confidence_sets": "regression_Hoeffding",
  "confidence_delta": 0.05,
  "gamma_exp3": 0.01,
  "game_seed": 8671,
  "data_quality": "good",
  "tfw_baseline_mean": [
    1883.4583333333333,
    1883.4583333333333,
    1883.4583333333333,
    1883.4583333333333,
    1883.4583333333333,
    1883.4583333333333,
    1883.4583333333333,
    1883.4583333333333
  ],
  "tfw_baseline_std": [
    290.8708034082525,
    290.8708034082525,
    290.8708034082525,
    290.8708034082525,
    290.8708034082525,
    290.8708034082525,
    290.8708034082525,
    290.8708034082525
  ],
  "tfw_hybrid_mean": [
    1934.9166666666667,
    1762.0,
    356.1666666666667,
    316.0833333333333,
    65.25,
    59.791666666666664,
    76.125,
    279.1666666666667
  ],
  "tfw_hybrid_std": [
    253.53653654319498,
    450.2074883969564,
    532.0503953465366,
    594.1013613317443,
    120.92586661831828,
    112.98556243538631,
    106.30935682161794,
    295.7707200528472
  ],
  "tfw_gated_mean": [
    1906.5833333333333,
    1867.375,
    1934.9166666666667,
    1433.125,
    534.0,
    1197.875,
    1865.625,
    3556.625
  ],
  "tfw_gated_std": [
    279.9667552727842,
    251.22981208101254,
    253.53653654319498,
    678.9853243275394,
    833.8192901916171,
    1572.4403441369614,
    1926.0691624337535,
    1040.6213366563015
  ],
  "tfw_etc_mean": [
    4018.7916666666665,
    2797.5833333333335,
    1621.9166666666667,
    274.2083333333333,
    369.1666666666667,
    1174.5833333333333,
    1831.9166666666667,
    3546.3333333333335
  ],
  "tfw_etc_std": [
    105.7844318153326,
    2134.1871666559236,
    1794.520716361133,
    217.16152657224623,
    718.1914281974075,
    1547.8392770362925,
    1878.4757677822004,
    1038.5261574510992
  ],
  "convergence_baseline_mean": [
    3318.0833333333335,
    3318.0833333333335,
    3318.0833333333335,
    3318.0833333333335,
    3318.0833333333335,
    3318.0833333333335,
    3318.0833333333335,
    3318.0833333333335
  ],
  "convergence_hybrid_mean": [
    3326.375,
    2933.5416666666665,
    663.0416666666666,
    546.5416666666666,
    234.5,
    269.0833333333333,
    268.9583333333333,
    473.4166666666667
  ],
  "theorem1_offline_transfer_rate_gated_mean": [
    NaN,
    0.0,
    0.041666666666666664,
    0.25,
    0.875,
    1.0,
    1.0,
    1.0
  ],
  "offline_m0_nonempty_rate_gated_mean": [
    NaN,
    0.16666666666666666,
    0.375,
    1.0,
    1.0,
    1.0,
    1.0,
    1.0
  ],
  "c_man_per_noff": {
    "200": {
      "c_man": 5.656854249492381,
      "lhs": 0.8,
      "threshold": 0.1587790003287269
    },
    "500": {
      "c_man": 5.656854249492381,
      "lhs": 0.5059644256269408,
      "threshold": 0.1587790003287269
    },
    "1000": {
      "c_man": 5.656854249492381,
      "lhs": 0.35777087639996635,
      "threshold": 0.1587790003287269
    },
    "2000": {
      "c_man": 5.656854249492381,
      "lhs": 0.2529822128134704,
      "threshold": 0.1587790003287269
    },
    "3000": {
      "c_man": 5.656854249492381,
      "lhs": 0.2065591117977289,
      "threshold": 0.1587790003287269
    },
    "5000": {
      "c_man": 5.656854249492381,
      "lhs": 0.16,
      "threshold": 0.1587790003287269
    },
    "8000": {
      "c_man": 5.656854249492381,
      "lhs": 0.1264911064067352,
      "threshold": 0.1587790003287269
    }
  },
  "delta3": 0.6351160013149076
}