{
  "n_off_fixed": 1000,
  "game_seed": 8671,
  "tfw_hybrid_good_mean": 381.0833333333333,
  "tfw_hybrid_good_std": 798.550421302449,
  "tfw_hybrid_neutral_mean": 292.9583333333333,
  "tfw_hybrid_neutral_std": 234.42259854831602,
  "tfw_hybrid_adversarial_mean": 1666.4583333333333,
  "tfw_hybrid_adversarial_std": 1047.3705784597869,
  "tfw_gated_good_mean": 1264.0,
  "tfw_gated_good_std": 915.4739328561631,
  "tfw_gated_neutral_mean": 1870.4166666666667,
  "tfw_gated_neutral_std": 214.59120219144822,
  "tfw_gated_adversarial_mean": 1870.4166666666667,
  "tfw_gated_adversarial_std": 214.59120219144822,
  "tfw_etc_good_mean": 410.5833333333333,
  "tfw_etc_good_std": 953.804460712657,
  "tfw_etc_neutral_mean": 171.25,
  "tfw_etc_neutral_std": 147.8478212922651,
  "tfw_etc_adversarial_mean": 2312.1666666666665,
  "tfw_etc_adversarial_std": 1637.9933818060988,
  "tfw_baseline_good_mean": 1893.4583333333333,
  "tfw_baseline_good_std": 226.60480427131412,
  "tfw_baseline_neutral_mean": 1893.4583333333333,
  "tfw_baseline_neutral_std": 226.60480427131412,
  "tfw_baseline_adversarial_mean": 1893.4583333333333,
  "tfw_baseline_adversarial_std": 226.60480427131412
}