{
  "n_off": [
    0,
    500,
    1000,
    2000,
    4000,
    6000,
    10000,
    15000
  ],
  "reward_model": "Bernoulli",
  "confidence_sets": "regression_Hoeffding",
  "confidence_delta": 0.05,
  "gamma_exp3": 0.01,
  "game_seed": 5954,
  "data_quality": "good",
  "tfw_baseline_mean": [
    6410.666666666667,
    6410.666666666667,
    6410.666666666667,
    6410.666666666667,
    6410.666666666667,
    6410.666666666667,
    6410.666666666667,
    6410.666666666667
  ],
  "tfw_baseline_std": [
    229.68251559710527,
    229.68251559710527,
    229.68251559710527,
    229.68251559710527,
    229.68251559710527,
    229.68251559710527,
    229.68251559710527,
    229.68251559710527
  ],
  "tfw_hybrid_mean": [
    6465.208333333333,
    6648.666666666667,
    6578.5,
    6677.0,
    6601.791666666667,
    6660.625,
    6741.333333333333,
    6804.75
  ],
  "tfw_hybrid_std": [
    328.7689791733196,
    317.1371485879457,
    213.8180860288565,
    250.1533442754142,
    301.44665389572253,
    281.45565910721757,
    184.39788423445893,
    91.94007973060262
  ],
  "tfw_gated_mean": [
    6455.041666666667,
    6431.5,
    6465.208333333333,
    6447.375,
    6409.458333333333,
    6428.541666666667,
    6475.583333333333,
    6489.916666666667
  ],
  "tfw_gated_std": [
    264.0260987044679,
    290.2456231179558,
    328.7689791733196,
    288.9029944763316,
    325.38578830656394,
    234.24512971906472,
    313.7351301401518,
    326.50186984838655
  ],
  "tfw_etc_mean": [
    6596.875,
    6550.083333333333,
    6130.083333333333,
    6315.208333333333,
    6675.625,
    6944.958333333333,
    6773.583333333333,
    3630.6666666666665
  ],
  "tfw_etc_std": [
    202.62136727961558,
    943.8512648425743,
    643.9480749162977,
    554.7402039158327,
    493.35760136648037,
    210.6231910858546,
    168.62820349660598,
    3393.4350772025105
  ],
  "convergence_baseline_mean": [
    8000.0,
    8000.0,
    8000.0,
    8000.0,
    8000.0,
    8000.0,
    8000.0,
    8000.0
  ],
  "convergence_hybrid_mean": [
    8000.0,
    8000.0,
    8000.0,
    8000.0,
    8000.0,
    8000.0,
    8000.0,
    8000.0
  ],
  "theorem1_offline_transfer_rate_gated_mean": [
    NaN,
    0.0,
    0.0,
    0.0,
    0.0,
    0.0,
    0.0,
    0.0
  ],
  "offline_m0_nonempty_rate_gated_mean": [
    NaN,
    0.0,
    0.0,
    0.08333333333333333,
    0.7083333333333334,
    1.0,
    1.0,
    1.0
  ],
  "c_man_per_noff": {
    "500": {
      "c_man": 8.485281374238571,
      "lhs": 1.1384199576606167,
      "threshold": 0.021718276205445725
    },
    "1000": {
      "c_man": 8.485281374238571,
      "lhs": 0.8049844718999244,
      "threshold": 0.021718276205445725
    },
    "2000": {
      "c_man": 8.485281374238571,
      "lhs": 0.5692099788303083,
      "threshold": 0.021718276205445725
    },
    "4000": {
      "c_man": 8.485281374238571,
      "lhs": 0.4024922359499622,
      "threshold": 0.021718276205445725
    },
    "6000": {
      "c_man": 8.485281374238571,
      "lhs": 0.32863353450309973,
      "threshold": 0.021718276205445725
    },
    "10000": {
      "c_man": 8.48528137423857,
      "lhs": 0.2545584412271571,
      "threshold": 0.021718276205445725
    },
    "15000": {
      "c_man": 8.48528137423857,
      "lhs": 0.20784609690826525,
      "threshold": 0.021718276205445725
    }
  },
  "delta3": 0.0868731048217829
}