{
  "n_off_fixed": 2000,
  "game_seed": 5954,
  "tfw_hybrid_good_mean": 6533.5,
  "tfw_hybrid_good_std": 270.55080692992726,
  "tfw_hybrid_neutral_mean": 6619.333333333333,
  "tfw_hybrid_neutral_std": 425.8236690244558,
  "tfw_hybrid_adversarial_mean": 5908.0,
  "tfw_hybrid_adversarial_std": 247.37930741905322,
  "tfw_gated_good_mean": 6528.125,
  "tfw_gated_good_std": 179.5601661306582,
  "tfw_gated_neutral_mean": 6528.125,
  "tfw_gated_neutral_std": 179.5601661306582,
  "tfw_gated_adversarial_mean": 6528.125,
  "tfw_gated_adversarial_std": 179.5601661306582,
  "tfw_etc_good_mean": 6582.708333333333,
  "tfw_etc_good_std": 582.6322935546515,
  "tfw_etc_neutral_mean": 6943.5,
  "tfw_etc_neutral_std": 207.64434476537878,
  "tfw_etc_adversarial_mean": 5942.666666666667,
  "tfw_etc_adversarial_std": 728.2513103417615,
  "tfw_baseline_good_mean": 6454.375,
  "tfw_baseline_good_std": 335.84038813750175,
  "tfw_baseline_neutral_mean": 6454.375,
  "tfw_baseline_neutral_std": 335.84038813750175,
  "tfw_baseline_adversarial_mean": 6454.375,
  "tfw_baseline_adversarial_std": 335.84038813750175
}