{
  "n_off": [
    0,
    500,
    1000,
    2000,
    4000,
    6000,
    10000,
    15000
  ],
  "reward_model": "Bernoulli",
  "confidence_sets": "regression_Hoeffding",
  "confidence_delta": 0.05,
  "gamma_exp3": 0.01,
  "game_seed": 1482,
  "data_quality": "good",
  "tfw_baseline_mean": [
    4746.416666666667,
    4746.416666666667,
    4746.416666666667,
    4746.416666666667,
    4746.416666666667,
    4746.416666666667,
    4746.416666666667,
    4746.416666666667
  ],
  "tfw_baseline_std": [
    432.4497373826453,
    432.4497373826453,
    432.4497373826453,
    432.4497373826453,
    432.4497373826453,
    432.4497373826453,
    432.4497373826453,
    432.4497373826453
  ],
  "tfw_hybrid_mean": [
    4636.75,
    3166.125,
    2281.2916666666665,
    2303.875,
    3944.8333333333335,
    2469.7083333333335,
    2685.3333333333335,
    2678.375
  ],
  "tfw_hybrid_std": [
    474.7258476581854,
    1476.657839514625,
    1978.9408559206322,
    2038.522617474852,
    2236.5074610178267,
    571.6205399272027,
    298.6923190329396,
    246.3261910380306
  ],
  "tfw_gated_mean": [
    4755.0,
    4721.791666666667,
    4636.75,
    4645.166666666667,
    5267.375,
    6736.458333333333,
    6964.125,
    7007.583333333333
  ],
  "tfw_gated_std": [
    371.17088528999216,
    554.0384525320043,
    474.7258476581854,
    376.4135869038166,
    964.241166500328,
    929.1543129743523,
    534.0615753865352,
    354.94505596447345
  ],
  "tfw_etc_mean": [
    2446.0833333333335,
    4056.9166666666665,
    4771.083333333333,
    6299.0,
    7353.625,
    7087.0,
    6987.625,
    7005.708333333333
  ],
  "tfw_etc_std": [
    190.70029221077604,
    1746.6958849475639,
    1787.1794371522155,
    1694.2152216856346,
    191.86132050089674,
    481.06982228471105,
    542.4722643681387,
    325.92069976641847
  ],
  "convergence_baseline_mean": [
    8000.0,
    8000.0,
    8000.0,
    8000.0,
    8000.0,
    8000.0,
    8000.0,
    8000.0
  ],
  "convergence_hybrid_mean": [
    8000.0,
    4565.958333333333,
    2922.5833333333335,
    3217.0416666666665,
    3886.2916666666665,
    1725.25,
    2055.1666666666665,
    3262.4166666666665
  ],
  "theorem1_offline_transfer_rate_gated_mean": [
    NaN,
    0.0,
    0.0,
    0.0,
    0.16666666666666666,
    0.8333333333333334,
    1.0,
    1.0
  ],
  "offline_m0_nonempty_rate_gated_mean": [
    NaN,
    0.0,
    0.0,
    0.5416666666666666,
    1.0,
    1.0,
    1.0,
    1.0
  ],
  "c_man_per_noff": {
    "500": {
      "c_man": 8.485281374238571,
      "lhs": 1.1384199576606167,
      "threshold": 0.15121554630034348
    },
    "1000": {
      "c_man": 8.485281374238571,
      "lhs": 0.8049844718999244,
      "threshold": 0.15121554630034348
    },
    "2000": {
      "c_man": 8.485281374238571,
      "lhs": 0.5692099788303083,
      "threshold": 0.15121554630034348
    },
    "4000": {
      "c_man": 8.485281374238571,
      "lhs": 0.4024922359499622,
      "threshold": 0.15121554630034348
    },
    "6000": {
      "c_man": 8.485281374238571,
      "lhs": 0.32863353450309973,
      "threshold": 0.15121554630034348
    },
    "10000": {
      "c_man": 8.48528137423857,
      "lhs": 0.2545584412271571,
      "threshold": 0.15121554630034348
    },
    "15000": {
      "c_man": 8.48528137423857,
      "lhs": 0.20784609690826525,
      "threshold": 0.15121554630034348
    }
  },
  "delta3": 0.6048621852013739
}