{
  "n_off_fixed": 2000,
  "game_seed": 1482,
  "tfw_hybrid_good_mean": 2311.5,
  "tfw_hybrid_good_std": 2055.3126494420553,
  "tfw_hybrid_neutral_mean": 5020.791666666667,
  "tfw_hybrid_neutral_std": 1934.2424194807745,
  "tfw_hybrid_adversarial_mean": 5049.791666666667,
  "tfw_hybrid_adversarial_std": 929.8307924220577,
  "tfw_gated_good_mean": 4827.708333333333,
  "tfw_gated_good_std": 480.0967727780349,
  "tfw_gated_neutral_mean": 4827.708333333333,
  "tfw_gated_neutral_std": 480.0967727780349,
  "tfw_gated_adversarial_mean": 4827.708333333333,
  "tfw_gated_adversarial_std": 480.0967727780349,
  "tfw_etc_good_mean": 5656.625,
  "tfw_etc_good_std": 2426.601986541459,
  "tfw_etc_neutral_mean": 3691.1666666666665,
  "tfw_etc_neutral_std": 3546.1819721652955,
  "tfw_etc_adversarial_mean": 6197.583333333333,
  "tfw_etc_adversarial_std": 493.8959507274053,
  "tfw_baseline_good_mean": 4827.916666666667,
  "tfw_baseline_good_std": 387.66468216372436,
  "tfw_baseline_neutral_mean": 4827.916666666667,
  "tfw_baseline_neutral_std": 387.66468216372436,
  "tfw_baseline_adversarial_mean": 4827.916666666667,
  "tfw_baseline_adversarial_std": 387.66468216372436
}