{
  "n_off": [
    0,
    1000,
    2000,
    4000,
    8000,
    12000,
    20000,
    30000
  ],
  "reward_model": "Bernoulli",
  "confidence_sets": "regression_Hoeffding",
  "confidence_delta": 0.05,
  "gamma_exp3": 0.01,
  "game_seed": 9134,
  "data_quality": "good",
  "tfw_baseline_mean": [
    10598.333333333334,
    10598.333333333334,
    10598.333333333334,
    10598.333333333334,
    10598.333333333334,
    10598.333333333334,
    10598.333333333334,
    10598.333333333334
  ],
  "tfw_baseline_std": [
    322.32398859406726,
    322.32398859406726,
    322.32398859406726,
    322.32398859406726,
    322.32398859406726,
    322.32398859406726,
    322.32398859406726,
    322.32398859406726
  ],
  "tfw_hybrid_mean": [
    10471.791666666666,
    7937.75,
    4534.666666666667,
    2680.75,
    701.4166666666666,
    906.8333333333334,
    5183.75,
    5766.458333333333
  ],
  "tfw_hybrid_std": [
    982.5857183170228,
    3609.7207798797476,
    4830.084000229743,
    4091.651375454765,
    2174.8114944132244,
    1742.690265743985,
    1163.7479650194696,
    496.8576017827194
  ],
  "tfw_gated_mean": [
    10632.583333333334,
    10654.208333333334,
    10471.791666666666,
    10677.541666666666,
    10546.583333333334,
    9437.291666666666,
    9823.666666666666,
    8901.708333333334
  ],
  "tfw_gated_std": [
    363.13513075493785,
    229.99621531227646,
    982.5857183170228,
    274.36344970901627,
    338.9052601573467,
    2830.675145755355,
    2060.4032038217274,
    3415.0599648330917
  ],
  "tfw_etc_mean": [
    12000.0,
    11503.208333333334,
    10375.25,
    7337.333333333333,
    10041.916666666666,
    8788.083333333334,
    9435.75,
    8844.708333333334
  ],
  "tfw_etc_std": [
    0.0,
    739.4392104929876,
    2253.212841410161,
    4848.3707677372695,
    1951.7040696177066,
    3303.2940991981172,
    2837.3772066899173,
    3396.8872385217446
  ],
  "convergence_baseline_mean": [
    12000.0,
    12000.0,
    12000.0,
    12000.0,
    12000.0,
    12000.0,
    12000.0,
    12000.0
  ],
  "convergence_hybrid_mean": [
    11816.625,
    8143.416666666667,
    4877.375,
    2897.4583333333335,
    763.125,
    592.5,
    2136.7916666666665,
    856.25
  ],
  "theorem1_offline_transfer_rate_gated_mean": [
    NaN,
    0.0,
    0.0,
    0.0,
    0.041666666666666664,
    0.4583333333333333,
    0.9166666666666666,
    1.0
  ],
  "offline_m0_nonempty_rate_gated_mean": [
    NaN,
    0.0,
    0.041666666666666664,
    0.75,
    1.0,
    1.0,
    1.0,
    1.0
  ],
  "c_man_per_noff": {
    "1000": {
      "c_man": 11.313708498984761,
      "lhs": 1.4310835055998654,
      "threshold": 0.14147082289373247
    },
    "2000": {
      "c_man": 11.313708498984761,
      "lhs": 1.0119288512538815,
      "threshold": 0.14147082289373247
    },
    "4000": {
      "c_man": 11.313708498984761,
      "lhs": 0.7155417527999327,
      "threshold": 0.14147082289373247
    },
    "8000": {
      "c_man": 11.313708498984761,
      "lhs": 0.5059644256269408,
      "threshold": 0.14147082289373247
    },
    "12000": {
      "c_man": 11.313708498984761,
      "lhs": 0.4131182235954578,
      "threshold": 0.14147082289373247
    },
    "20000": {
      "c_man": 11.313708498984761,
      "lhs": 0.32,
      "threshold": 0.14147082289373247
    },
    "30000": {
      "c_man": 11.313708498984761,
      "lhs": 0.26127890589687236,
      "threshold": 0.14147082289373247
    }
  },
  "delta3": 0.5658832915749299
}