{
  "n_off_fixed": 4000,
  "game_seed": 9134,
  "tfw_hybrid_good_mean": 3724.5416666666665,
  "tfw_hybrid_good_std": 4123.565900688243,
  "tfw_hybrid_neutral_mean": 3721.9166666666665,
  "tfw_hybrid_neutral_std": 3538.960924838848,
  "tfw_hybrid_adversarial_mean": 9845.333333333334,
  "tfw_hybrid_adversarial_std": 1114.1289702358702,
  "tfw_gated_good_mean": 10384.875,
  "tfw_gated_good_std": 1301.391573345207,
  "tfw_gated_neutral_mean": 10384.875,
  "tfw_gated_neutral_std": 1301.391573345207,
  "tfw_gated_adversarial_mean": 10384.875,
  "tfw_gated_adversarial_std": 1301.391573345207,
  "tfw_etc_good_mean": 7472.083333333333,
  "tfw_etc_good_std": 4894.630686575956,
  "tfw_etc_neutral_mean": 4156.708333333333,
  "tfw_etc_neutral_std": 4993.8578315433315,
  "tfw_etc_adversarial_mean": 10370.791666666666,
  "tfw_etc_adversarial_std": 593.4384682338264,
  "tfw_baseline_good_mean": 10714.583333333334,
  "tfw_baseline_good_std": 209.8214389233952,
  "tfw_baseline_neutral_mean": 10714.583333333334,
  "tfw_baseline_neutral_std": 209.8214389233952,
  "tfw_baseline_adversarial_mean": 10714.583333333334,
  "tfw_baseline_adversarial_std": 209.8214389233952
}