{
  "n_off": [
    0,
    1000,
    2000,
    4000,
    8000,
    12000,
    20000,
    30000
  ],
  "reward_model": "Bernoulli",
  "confidence_sets": "regression_Hoeffding",
  "confidence_delta": 0.05,
  "gamma_exp3": 0.01,
  "game_seed": 5621,
  "data_quality": "good",
  "tfw_baseline_mean": [
    10427.416666666666,
    10427.416666666666,
    10427.416666666666,
    10427.416666666666,
    10427.416666666666,
    10427.416666666666,
    10427.416666666666,
    10427.416666666666
  ],
  "tfw_baseline_std": [
    700.753192095394,
    700.753192095394,
    700.753192095394,
    700.753192095394,
    700.753192095394,
    700.753192095394,
    700.753192095394,
    700.753192095394
  ],
  "tfw_hybrid_mean": [
    10574.291666666666,
    10425.708333333334,
    9699.416666666666,
    9941.625,
    6011.375,
    209.79166666666666,
    94.91666666666667,
    316.5833333333333
  ],
  "tfw_hybrid_std": [
    366.256678724286,
    1086.5217130692854,
    1681.9460239663551,
    1781.9162819474896,
    4846.235982810469,
    558.7051784700724,
    153.8019383229095,
    309.60913881954406
  ],
  "tfw_gated_mean": [
    10627.416666666666,
    10400.625,
    10574.291666666666,
    10507.583333333334,
    10466.125,
    10257.25,
    10667.208333333334,
    10499.291666666666
  ],
  "tfw_gated_std": [
    175.7967988694721,
    646.7555692101521,
    366.256678724286,
    398.9734563107923,
    616.4489691140209,
    902.2123171501214,
    191.05928494139937,
    598.0057058886331
  ],
  "tfw_etc_mean": [
    12000.0,
    11872.166666666666,
    11745.041666666666,
    10060.625,
    5654.833333333333,
    6161.875,
    8862.541666666666,
    9395.25
  ],
  "tfw_etc_std": [
    0.0,
    145.28373039965825,
    260.9841706288728,
    3868.7805944565375,
    4692.568617706517,
    4269.092280185465,
    2812.593031955707,
    826.3745992350379
  ],
  "convergence_baseline_mean": [
    11805.125,
    11805.125,
    11805.125,
    11805.125,
    11805.125,
    11805.125,
    11805.125,
    11805.125
  ],
  "convergence_hybrid_mean": [
    12000.0,
    11644.25,
    10381.958333333334,
    10539.708333333334,
    5332.458333333333,
    411.6666666666667,
    202.0,
    206.625
  ],
  "theorem1_offline_transfer_rate_gated_mean": [
    NaN,
    0.0,
    0.0,
    0.0,
    0.0,
    0.0,
    0.0,
    0.0
  ],
  "offline_m0_nonempty_rate_gated_mean": [
    NaN,
    0.0,
    0.0,
    0.20833333333333334,
    0.9583333333333334,
    1.0,
    1.0,
    1.0
  ],
  "c_man_per_noff": {
    "1000": {
      "c_man": 11.313708498984761,
      "lhs": 1.4310835055998654,
      "threshold": 0.0564123267192716
    },
    "2000": {
      "c_man": 11.313708498984761,
      "lhs": 1.0119288512538815,
      "threshold": 0.0564123267192716
    },
    "4000": {
      "c_man": 11.313708498984761,
      "lhs": 0.7155417527999327,
      "threshold": 0.0564123267192716
    },
    "8000": {
      "c_man": 11.313708498984761,
      "lhs": 0.5059644256269408,
      "threshold": 0.0564123267192716
    },
    "12000": {
      "c_man": 11.313708498984761,
      "lhs": 0.4131182235954578,
      "threshold": 0.0564123267192716
    },
    "20000": {
      "c_man": 11.313708498984761,
      "lhs": 0.32,
      "threshold": 0.0564123267192716
    },
    "30000": {
      "c_man": 11.313708498984761,
      "lhs": 0.26127890589687236,
      "threshold": 0.0564123267192716
    }
  },
  "delta3": 0.2256493068770864
}