{
  "n_off_fixed": 4000,
  "game_seed": 5621,
  "tfw_hybrid_good_mean": 9567.583333333334,
  "tfw_hybrid_good_std": 1904.1736292011105,
  "tfw_hybrid_neutral_mean": 8758.875,
  "tfw_hybrid_neutral_std": 1849.8724588820805,
  "tfw_hybrid_adversarial_mean": 10065.125,
  "tfw_hybrid_adversarial_std": 959.6238081982281,
  "tfw_gated_good_mean": 10559.916666666666,
  "tfw_gated_good_std": 391.99710698429647,
  "tfw_gated_neutral_mean": 10559.916666666666,
  "tfw_gated_neutral_std": 391.99710698429647,
  "tfw_gated_adversarial_mean": 10559.916666666666,
  "tfw_gated_adversarial_std": 391.99710698429647,
  "tfw_etc_good_mean": 9901.0,
  "tfw_etc_good_std": 3839.5670385446147,
  "tfw_etc_neutral_mean": 10132.166666666666,
  "tfw_etc_neutral_std": 439.15845082104045,
  "tfw_etc_adversarial_mean": 10925.791666666666,
  "tfw_etc_adversarial_std": 335.5111582627925,
  "tfw_baseline_good_mean": 10575.625,
  "tfw_baseline_good_std": 517.6923555549183,
  "tfw_baseline_neutral_mean": 10575.625,
  "tfw_baseline_neutral_std": 517.6923555549183,
  "tfw_baseline_adversarial_mean": 10575.625,
  "tfw_baseline_adversarial_std": 517.6923555549183
}