{
  "n_off": [
    0,
    1000,
    2000,
    4000,
    8000,
    12000,
    20000,
    30000
  ],
  "reward_model": "Bernoulli",
  "confidence_sets": "regression_Hoeffding",
  "confidence_delta": 0.05,
  "gamma_exp3": 0.01,
  "game_seed": 5466,
  "data_quality": "good",
  "tfw_baseline_mean": [
    10915.916666666666,
    10915.916666666666,
    10915.916666666666,
    10915.916666666666,
    10915.916666666666,
    10915.916666666666,
    10915.916666666666,
    10915.916666666666
  ],
  "tfw_baseline_std": [
    209.21507898658336,
    209.21507898658336,
    209.21507898658336,
    209.21507898658336,
    209.21507898658336,
    209.21507898658336,
    209.21507898658336,
    209.21507898658336
  ],
  "tfw_hybrid_mean": [
    10900.625,
    10921.333333333334,
    9509.416666666666,
    9532.416666666666,
    6642.666666666667,
    5588.791666666667,
    4009.0416666666665,
    5177.041666666667
  ],
  "tfw_hybrid_std": [
    178.09885200909218,
    1214.4755413674293,
    3237.94401912919,
    3567.7143446368486,
    5206.357991555315,
    4179.329111744535,
    1914.7439260998406,
    905.2479592650973
  ],
  "tfw_gated_mean": [
    10904.375,
    10849.25,
    10900.625,
    10966.083333333334,
    10846.666666666666,
    10663.125,
    9705.25,
    8992.5
  ],
  "tfw_gated_std": [
    240.75981401280046,
    261.0835698292457,
    178.09885200909218,
    94.94067560354715,
    217.3847854095043,
    631.8768669606445,
    556.4338509066307,
    1828.7229804238898
  ],
  "tfw_etc_mean": [
    10337.958333333334,
    11606.125,
    11831.125,
    9189.333333333334,
    8739.833333333334,
    9804.5,
    9732.958333333334,
    8938.791666666666
  ],
  "tfw_etc_std": [
    275.3843920882175,
    1235.5551229939203,
    257.91797019173765,
    4743.532692603383,
    3813.9434535224386,
    2129.8933837370723,
    460.2302334197778,
    1813.008764677408
  ],
  "convergence_baseline_mean": [
    12000.0,
    12000.0,
    12000.0,
    12000.0,
    12000.0,
    12000.0,
    12000.0,
    12000.0
  ],
  "convergence_hybrid_mean": [
    12000.0,
    11263.625,
    9037.5,
    9438.333333333334,
    5473.958333333333,
    3360.0833333333335,
    1691.6666666666667,
    1197.0833333333333
  ],
  "theorem1_offline_transfer_rate_gated_mean": [
    NaN,
    0.0,
    0.0,
    0.0,
    0.0,
    0.2916666666666667,
    0.9583333333333334,
    1.0
  ],
  "offline_m0_nonempty_rate_gated_mean": [
    NaN,
    0.0,
    0.0,
    0.25,
    0.875,
    1.0,
    1.0,
    1.0
  ],
  "c_man_per_noff": {
    "1000": {
      "c_man": 11.313708498984761,
      "lhs": 1.4310835055998654,
      "threshold": 0.12582970862686402
    },
    "2000": {
      "c_man": 11.313708498984761,
      "lhs": 1.0119288512538815,
      "threshold": 0.12582970862686402
    },
    "4000": {
      "c_man": 11.313708498984761,
      "lhs": 0.7155417527999327,
      "threshold": 0.12582970862686402
    },
    "8000": {
      "c_man": 11.313708498984761,
      "lhs": 0.5059644256269408,
      "threshold": 0.12582970862686402
    },
    "12000": {
      "c_man": 11.313708498984761,
      "lhs": 0.4131182235954578,
      "threshold": 0.12582970862686402
    },
    "20000": {
      "c_man": 11.313708498984761,
      "lhs": 0.32,
      "threshold": 0.12582970862686402
    },
    "30000": {
      "c_man": 11.313708498984761,
      "lhs": 0.26127890589687236,
      "threshold": 0.12582970862686402
    }
  },
  "delta3": 0.5033188345074561
}