{
  "n_off_fixed": 4000,
  "game_seed": 5466,
  "tfw_hybrid_good_mean": 10547.833333333334,
  "tfw_hybrid_good_std": 2590.828013802045,
  "tfw_hybrid_neutral_mean": 8045.5,
  "tfw_hybrid_neutral_std": 2570.867946822629,
  "tfw_hybrid_adversarial_mean": 10247.375,
  "tfw_hybrid_adversarial_std": 837.5045132908889,
  "tfw_gated_good_mean": 10941.291666666666,
  "tfw_gated_good_std": 129.68204567716572,
  "tfw_gated_neutral_mean": 10941.291666666666,
  "tfw_gated_neutral_std": 129.68204567716572,
  "tfw_gated_adversarial_mean": 10941.291666666666,
  "tfw_gated_adversarial_std": 129.68204567716572,
  "tfw_etc_good_mean": 9325.5,
  "tfw_etc_good_std": 4639.634412134308,
  "tfw_etc_neutral_mean": 6522.0,
  "tfw_etc_neutral_std": 4877.064753383499,
  "tfw_etc_adversarial_mean": 8878.541666666666,
  "tfw_etc_adversarial_std": 1476.7989465811481,
  "tfw_baseline_good_mean": 10795.458333333334,
  "tfw_baseline_good_std": 233.02714511901578,
  "tfw_baseline_neutral_mean": 10795.458333333334,
  "tfw_baseline_neutral_std": 233.02714511901578,
  "tfw_baseline_adversarial_mean": 10795.458333333334,
  "tfw_baseline_adversarial_std": 233.02714511901578
}