{
  "n_off": [
    0,
    500,
    1000,
    2000,
    4000,
    6000,
    10000,
    15000
  ],
  "reward_model": "Bernoulli",
  "confidence_sets": "regression_Hoeffding",
  "confidence_delta": 0.05,
  "gamma_exp3": 0.01,
  "game_seed": 9011,
  "data_quality": "good",
  "tfw_baseline_mean": [
    6943.666666666667,
    6943.666666666667,
    6943.666666666667,
    6943.666666666667,
    6943.666666666667,
    6943.666666666667,
    6943.666666666667,
    6943.666666666667
  ],
  "tfw_baseline_std": [
    96.73031387930261,
    96.73031387930261,
    96.73031387930261,
    96.73031387930261,
    96.73031387930261,
    96.73031387930261,
    96.73031387930261,
    96.73031387930261
  ],
  "tfw_hybrid_mean": [
    6954.208333333333,
    7042.416666666667,
    7265.916666666667,
    7236.75,
    6301.0,
    4801.416666666667,
    5302.5,
    4318.958333333333
  ],
  "tfw_hybrid_std": [
    101.21349762481917,
    398.83983018867053,
    104.73482734014992,
    595.9006519181883,
    1399.046041446441,
    852.2039415368921,
    1375.594290542787,
    904.5867410599434
  ],
  "tfw_gated_mean": [
    6898.458333333333,
    6928.333333333333,
    6954.208333333333,
    6945.083333333333,
    6895.208333333333,
    6914.458333333333,
    6938.208333333333,
    6952.0
  ],
  "tfw_gated_std": [
    170.32398262714213,
    89.33019678681457,
    101.21349762481917,
    162.75559608803323,
    176.4980549632123,
    85.53564177869218,
    124.05187525234427,
    74.49773851250963
  ],
  "tfw_etc_mean": [
    7591.625,
    7840.375,
    7826.291666666667,
    7402.541666666667,
    7007.041666666667,
    6863.791666666667,
    6729.875,
    6965.25
  ],
  "tfw_etc_std": [
    38.29384386896763,
    202.32986680171567,
    158.24869782187417,
    328.4655999679705,
    322.0286888605973,
    509.3586742738079,
    454.00108336396306,
    332.64856112328414
  ],
  "convergence_baseline_mean": [
    8000.0,
    8000.0,
    8000.0,
    8000.0,
    8000.0,
    8000.0,
    8000.0,
    8000.0
  ],
  "convergence_hybrid_mean": [
    8000.0,
    7943.166666666667,
    8000.0,
    7525.041666666667,
    5714.291666666667,
    3327.0,
    4794.458333333333,
    3354.8333333333335
  ],
  "theorem1_offline_transfer_rate_gated_mean": [
    NaN,
    0.0,
    0.0,
    0.0,
    0.0,
    0.0,
    0.0,
    0.0
  ],
  "offline_m0_nonempty_rate_gated_mean": [
    NaN,
    0.0,
    0.0,
    0.20833333333333334,
    1.0,
    1.0,
    1.0,
    1.0
  ],
  "c_man_per_noff": {
    "500": {
      "c_man": 8.485281374238571,
      "lhs": 1.1384199576606167,
      "threshold": 0.015934675400987197
    },
    "1000": {
      "c_man": 8.485281374238571,
      "lhs": 0.8049844718999244,
      "threshold": 0.015934675400987197
    },
    "2000": {
      "c_man": 8.485281374238571,
      "lhs": 0.5692099788303083,
      "threshold": 0.015934675400987197
    },
    "4000": {
      "c_man": 8.485281374238571,
      "lhs": 0.4024922359499622,
      "threshold": 0.015934675400987197
    },
    "6000": {
      "c_man": 8.485281374238571,
      "lhs": 0.32863353450309973,
      "threshold": 0.015934675400987197
    },
    "10000": {
      "c_man": 8.48528137423857,
      "lhs": 0.2545584412271571,
      "threshold": 0.015934675400987197
    },
    "15000": {
      "c_man": 8.48528137423857,
      "lhs": 0.20784609690826525,
      "threshold": 0.015934675400987197
    }
  },
  "delta3": 0.06373870160394879
}