{
  "n_off_fixed": 2000,
  "game_seed": 9011,
  "tfw_hybrid_good_mean": 7093.833333333333,
  "tfw_hybrid_good_std": 855.773215928992,
  "tfw_hybrid_neutral_mean": 6300.666666666667,
  "tfw_hybrid_neutral_std": 1218.759728314945,
  "tfw_hybrid_adversarial_mean": 6727.333333333333,
  "tfw_hybrid_adversarial_std": 337.37718108793393,
  "tfw_gated_good_mean": 6918.708333333333,
  "tfw_gated_good_std": 90.76605339704577,
  "tfw_gated_neutral_mean": 6918.708333333333,
  "tfw_gated_neutral_std": 90.76605339704577,
  "tfw_gated_adversarial_mean": 6918.708333333333,
  "tfw_gated_adversarial_std": 90.76605339704577,
  "tfw_etc_good_mean": 7500.208333333333,
  "tfw_etc_good_std": 354.07515527033263,
  "tfw_etc_neutral_mean": 7076.791666666667,
  "tfw_etc_neutral_std": 204.10844925669053,
  "tfw_etc_adversarial_mean": 7210.291666666667,
  "tfw_etc_adversarial_std": 363.92336498184636,
  "tfw_baseline_good_mean": 6865.5,
  "tfw_baseline_good_std": 201.5017531480536,
  "tfw_baseline_neutral_mean": 6865.5,
  "tfw_baseline_neutral_std": 201.5017531480536,
  "tfw_baseline_adversarial_mean": 6865.5,
  "tfw_baseline_adversarial_std": 201.5017531480536
}