{
  "n_off": [
    0,
    200,
    500,
    1000,
    2000,
    3000,
    5000,
    8000
  ],
  "reward_model": "Bernoulli",
  "confidence_sets": "regression_Hoeffding",
  "confidence_delta": 0.05,
  "gamma_exp3": 0.01,
  "game_seed": 1482,
  "data_quality": "good",
  "tfw_baseline_mean": [
    4437.125,
    4437.125,
    4437.125,
    4437.125,
    4437.125,
    4437.125,
    4437.125,
    4437.125
  ],
  "tfw_baseline_std": [
    79.33435710580444,
    79.33435710580444,
    79.33435710580444,
    79.33435710580444,
    79.33435710580444,
    79.33435710580444,
    79.33435710580444,
    79.33435710580444
  ],
  "tfw_hybrid_mean": [
    4382.875,
    4551.833333333333,
    4699.833333333333,
    4802.625,
    4680.416666666667,
    4506.375,
    3781.375,
    3238.1666666666665
  ],
  "tfw_hybrid_std": [
    106.0657353596877,
    97.99142228062469,
    113.79526492275758,
    134.69734592782441,
    328.4085362268567,
    429.7071614078795,
    501.1094484719142,
    521.8479427594966
  ],
  "tfw_gated_mean": [
    4410.875,
    4419.333333333333,
    4382.875,
    4434.083333333333,
    4444.875,
    4410.083333333333,
    4424.0,
    4445.041666666667
  ],
  "tfw_gated_std": [
    87.74137514903376,
    116.23314900464597,
    106.0657353596877,
    90.3432664734979,
    81.93067721900763,
    97.07814721484269,
    116.74423922106114,
    102.56937383681039
  ],
  "tfw_etc_mean": [
    3524.5,
    4509.541666666667,
    4821.875,
    4824.041666666667,
    4510.458333333333,
    4399.791666666667,
    4246.541666666667,
    3975.0
  ],
  "tfw_etc_std": [
    171.76450005242896,
    457.9015443033167,
    318.62425908624857,
    341.3951528102279,
    323.7825329186063,
    451.43317471347194,
    354.82683825343247,
    930.8931662422502
  ],
  "convergence_baseline_mean": [
    5000.0,
    5000.0,
    5000.0,
    5000.0,
    5000.0,
    5000.0,
    5000.0,
    5000.0
  ],
  "convergence_hybrid_mean": [
    5000.0,
    5000.0,
    5000.0,
    5000.0,
    4868.416666666667,
    5000.0,
    4745.666666666667,
    4287.916666666667
  ],
  "theorem1_offline_transfer_rate_gated_mean": [
    NaN,
    0.0,
    0.0,
    0.0,
    0.0,
    0.0,
    0.0,
    0.0
  ],
  "offline_m0_nonempty_rate_gated_mean": [
    NaN,
    0.0,
    0.0,
    0.041666666666666664,
    0.8333333333333334,
    1.0,
    1.0,
    1.0
  ],
  "c_man_per_noff": {
    "200": {
      "c_man": 5.656854249492381,
      "lhs": 0.8,
      "threshold": 0.01804114578497651
    },
    "500": {
      "c_man": 5.656854249492381,
      "lhs": 0.5059644256269408,
      "threshold": 0.01804114578497651
    },
    "1000": {
      "c_man": 5.656854249492381,
      "lhs": 0.35777087639996635,
      "threshold": 0.01804114578497651
    },
    "2000": {
      "c_man": 5.656854249492381,
      "lhs": 0.2529822128134704,
      "threshold": 0.01804114578497651
    },
    "3000": {
      "c_man": 5.656854249492381,
      "lhs": 0.2065591117977289,
      "threshold": 0.01804114578497651
    },
    "5000": {
      "c_man": 5.656854249492381,
      "lhs": 0.16,
      "threshold": 0.01804114578497651
    },
    "8000": {
      "c_man": 5.656854249492381,
      "lhs": 0.1264911064067352,
      "threshold": 0.01804114578497651
    }
  },
  "delta3": 0.07216458313990604
}