{
  "n_off_fixed": 1000,
  "game_seed": 1482,
  "tfw_hybrid_good_mean": 4772.708333333333,
  "tfw_hybrid_good_std": 191.86033850891025,
  "tfw_hybrid_neutral_mean": 4503.041666666667,
  "tfw_hybrid_neutral_std": 187.9681932313727,
  "tfw_hybrid_adversarial_mean": 4468.541666666667,
  "tfw_hybrid_adversarial_std": 184.5989729037013,
  "tfw_gated_good_mean": 4445.833333333333,
  "tfw_gated_good_std": 74.13247054028211,
  "tfw_gated_neutral_mean": 4445.833333333333,
  "tfw_gated_neutral_std": 74.13247054028211,
  "tfw_gated_adversarial_mean": 4445.833333333333,
  "tfw_gated_adversarial_std": 74.13247054028211,
  "tfw_etc_good_mean": 4767.833333333333,
  "tfw_etc_good_std": 312.51666622224593,
  "tfw_etc_neutral_mean": 4474.708333333333,
  "tfw_etc_neutral_std": 253.59441757102698,
  "tfw_etc_adversarial_mean": 4589.833333333333,
  "tfw_etc_adversarial_std": 444.47493856739857,
  "tfw_baseline_good_mean": 4389.166666666667,
  "tfw_baseline_good_std": 116.37782048762244,
  "tfw_baseline_neutral_mean": 4389.166666666667,
  "tfw_baseline_neutral_std": 116.37782048762244,
  "tfw_baseline_adversarial_mean": 4389.166666666667,
  "tfw_baseline_adversarial_std": 116.37782048762244
}