{
  "n_off": [
    0,
    200,
    500,
    1000,
    2000,
    3000,
    5000,
    8000
  ],
  "reward_model": "Bernoulli",
  "confidence_sets": "regression_Hoeffding",
  "confidence_delta": 0.05,
  "gamma_exp3": 0.01,
  "game_seed": 9011,
  "data_quality": "good",
  "tfw_baseline_mean": [
    2456.4166666666665,
    2456.4166666666665,
    2456.4166666666665,
    2456.4166666666665,
    2456.4166666666665,
    2456.4166666666665,
    2456.4166666666665,
    2456.4166666666665
  ],
  "tfw_baseline_std": [
    642.2487610065845,
    642.2487610065845,
    642.2487610065845,
    642.2487610065845,
    642.2487610065845,
    642.2487610065845,
    642.2487610065845,
    642.2487610065845
  ],
  "tfw_hybrid_mean": [
    2231.625,
    1640.2083333333333,
    302.5833333333333,
    194.29166666666666,
    301.1666666666667,
    295.75,
    257.75,
    221.91666666666666
  ],
  "tfw_hybrid_std": [
    645.4667884562303,
    728.9311400153364,
    284.99731755666187,
    296.88330003652896,
    135.2484562852243,
    81.37046253962824,
    98.54517833924217,
    86.06969706942851
  ],
  "tfw_gated_mean": [
    2446.875,
    2190.3333333333335,
    2141.25,
    2703.5,
    4046.7916666666665,
    4162.541666666667,
    2911.7916666666665,
    1642.7083333333333
  ],
  "tfw_gated_std": [
    549.7483465779751,
    687.6287968946914,
    756.0766725555078,
    1426.6178916218778,
    1063.7965226802853,
    893.059469229071,
    2056.8001314656467,
    2139.272966284425
  ],
  "tfw_etc_mean": [
    4685.208333333333,
    4174.166666666667,
    2803.875,
    2598.2083333333335,
    4254.083333333333,
    4170.375,
    2909.4166666666665,
    1637.125
  ],
  "tfw_etc_std": [
    27.839570159516946,
    1039.3040592320574,
    1807.2125620870438,
    2004.1730589852557,
    860.0997372229656,
    894.8553350414658,
    2054.7839602226813,
    2140.932026061872
  ],
  "convergence_baseline_mean": [
    4363.25,
    4363.25,
    4363.25,
    4363.25,
    4363.25,
    4363.25,
    4363.25,
    4363.25
  ],
  "convergence_hybrid_mean": [
    4006.7916666666665,
    2334.125,
    351.4583333333333,
    345.2083333333333,
    424.9583333333333,
    440.4583333333333,
    411.875,
    386.0
  ],
  "theorem1_offline_transfer_rate_gated_mean": [
    NaN,
    0.0,
    0.08333333333333333,
    0.5,
    0.9166666666666666,
    1.0,
    1.0,
    1.0
  ],
  "offline_m0_nonempty_rate_gated_mean": [
    NaN,
    0.0,
    0.3333333333333333,
    0.9583333333333334,
    1.0,
    1.0,
    1.0,
    1.0
  ],
  "c_man_per_noff": {
    "200": {
      "c_man": 5.656854249492381,
      "lhs": 0.8,
      "threshold": 0.17686814020477734
    },
    "500": {
      "c_man": 5.656854249492381,
      "lhs": 0.5059644256269408,
      "threshold": 0.17686814020477734
    },
    "1000": {
      "c_man": 5.656854249492381,
      "lhs": 0.35777087639996635,
      "threshold": 0.17686814020477734
    },
    "2000": {
      "c_man": 5.656854249492381,
      "lhs": 0.2529822128134704,
      "threshold": 0.17686814020477734
    },
    "3000": {
      "c_man": 5.656854249492381,
      "lhs": 0.2065591117977289,
      "threshold": 0.17686814020477734
    },
    "5000": {
      "c_man": 5.656854249492381,
      "lhs": 0.16,
      "threshold": 0.17686814020477734
    },
    "8000": {
      "c_man": 5.656854249492381,
      "lhs": 0.1264911064067352,
      "threshold": 0.17686814020477734
    }
  },
  "delta3": 0.7074725608191094
}