{
  "n_off_fixed": 1000,
  "game_seed": 9011,
  "tfw_hybrid_good_mean": 205.08333333333334,
  "tfw_hybrid_good_std": 219.47128497262742,
  "tfw_hybrid_neutral_mean": 508.9583333333333,
  "tfw_hybrid_neutral_std": 875.8032079514044,
  "tfw_hybrid_adversarial_mean": 2163.2916666666665,
  "tfw_hybrid_adversarial_std": 1054.8167975763731,
  "tfw_gated_good_mean": 2161.75,
  "tfw_gated_good_std": 1334.2708560825663,
  "tfw_gated_neutral_mean": 2316.625,
  "tfw_gated_neutral_std": 630.3615120465123,
  "tfw_gated_adversarial_mean": 2316.625,
  "tfw_gated_adversarial_std": 630.3615120465123,
  "tfw_etc_good_mean": 2292.9583333333335,
  "tfw_etc_good_std": 2006.804435331621,
  "tfw_etc_neutral_mean": 91.20833333333333,
  "tfw_etc_neutral_std": 169.32576761884218,
  "tfw_etc_adversarial_mean": 3039.4583333333335,
  "tfw_etc_adversarial_std": 884.43069279753,
  "tfw_baseline_good_mean": 2342.6666666666665,
  "tfw_baseline_good_std": 538.0462778436901,
  "tfw_baseline_neutral_mean": 2342.6666666666665,
  "tfw_baseline_neutral_std": 538.0462778436901,
  "tfw_baseline_adversarial_mean": 2342.6666666666665,
  "tfw_baseline_adversarial_std": 538.0462778436901
}