{
  "n_off": [
    0,
    200,
    500,
    1000,
    2000,
    3000,
    5000,
    8000
  ],
  "reward_model": "Bernoulli",
  "confidence_sets": "regression_Hoeffding",
  "confidence_delta": 0.05,
  "gamma_exp3": 0.01,
  "game_seed": 5621,
  "data_quality": "good",
  "tfw_baseline_mean": [
    2208.9583333333335,
    2208.9583333333335,
    2208.9583333333335,
    2208.9583333333335,
    2208.9583333333335,
    2208.9583333333335,
    2208.9583333333335,
    2208.9583333333335
  ],
  "tfw_baseline_std": [
    145.7026391592514,
    145.7026391592514,
    145.7026391592514,
    145.7026391592514,
    145.7026391592514,
    145.7026391592514,
    145.7026391592514,
    145.7026391592514
  ],
  "tfw_hybrid_mean": [
    2002.3333333333333,
    2220.9166666666665,
    2502.0,
    2708.625,
    2821.875,
    2503.25,
    1271.6666666666667,
    348.625
  ],
  "tfw_hybrid_std": [
    233.84362420153803,
    208.00081869961508,
    327.8614500589885,
    256.27699221570873,
    484.8064887372478,
    1040.7626488803044,
    1482.972006146607,
    682.1729229008804
  ],
  "tfw_gated_mean": [
    2110.375,
    2172.25,
    2002.3333333333333,
    2163.5416666666665,
    2005.7916666666667,
    2228.875,
    2209.9583333333335,
    2289.4583333333335
  ],
  "tfw_gated_std": [
    236.0357033604653,
    323.71609273505726,
    233.84362420153803,
    314.8114658934312,
    168.14279106879903,
    219.2444164179211,
    240.78972951639716,
    546.7656662964307
  ],
  "tfw_etc_mean": [
    4406.0,
    4292.0,
    4230.041666666667,
    3808.75,
    1183.25,
    973.75,
    3240.7083333333335,
    3706.7083333333335
  ],
  "tfw_etc_std": [
    113.05866118774456,
    969.7457757398159,
    1031.8500261420143,
    806.0922511668899,
    1793.0328266351692,
    1687.9445501401478,
    1732.3692366529283,
    1454.6536859385099
  ],
  "convergence_baseline_mean": [
    4455.583333333333,
    4455.583333333333,
    4455.583333333333,
    4455.583333333333,
    4455.583333333333,
    4455.583333333333,
    4455.583333333333,
    4455.583333333333
  ],
  "convergence_hybrid_mean": [
    4038.2083333333335,
    4024.0416666666665,
    4680.833333333333,
    4966.166666666667,
    4286.083333333333,
    3727.5833333333335,
    1130.9583333333333,
    314.5416666666667
  ],
  "theorem1_offline_transfer_rate_gated_mean": [
    NaN,
    0.0,
    0.0,
    0.0,
    0.0,
    0.0,
    0.0,
    0.08333333333333333
  ],
  "offline_m0_nonempty_rate_gated_mean": [
    NaN,
    0.0,
    0.0,
    0.0,
    0.7083333333333334,
    1.0,
    1.0,
    1.0
  ],
  "c_man_per_noff": {
    "200": {
      "c_man": 5.656854249492381,
      "lhs": 0.8,
      "threshold": 0.04570379548755696
    },
    "500": {
      "c_man": 5.656854249492381,
      "lhs": 0.5059644256269408,
      "threshold": 0.04570379548755696
    },
    "1000": {
      "c_man": 5.656854249492381,
      "lhs": 0.35777087639996635,
      "threshold": 0.04570379548755696
    },
    "2000": {
      "c_man": 5.656854249492381,
      "lhs": 0.2529822128134704,
      "threshold": 0.04570379548755696
    },
    "3000": {
      "c_man": 5.656854249492381,
      "lhs": 0.2065591117977289,
      "threshold": 0.04570379548755696
    },
    "5000": {
      "c_man": 5.656854249492381,
      "lhs": 0.16,
      "threshold": 0.04570379548755696
    },
    "8000": {
      "c_man": 5.656854249492381,
      "lhs": 0.1264911064067352,
      "threshold": 0.04570379548755696
    }
  },
  "delta3": 0.18281518195022783
}