{
  "n_off_fixed": 1000,
  "game_seed": 5621,
  "tfw_hybrid_good_mean": 2536.9166666666665,
  "tfw_hybrid_good_std": 336.2875214774543,
  "tfw_hybrid_neutral_mean": 2185.7083333333335,
  "tfw_hybrid_neutral_std": 276.48043867697857,
  "tfw_hybrid_adversarial_mean": 1864.0833333333333,
  "tfw_hybrid_adversarial_std": 316.88729537647055,
  "tfw_gated_good_mean": 2089.5416666666665,
  "tfw_gated_good_std": 245.1535418018084,
  "tfw_gated_neutral_mean": 2089.5416666666665,
  "tfw_gated_neutral_std": 245.1535418018084,
  "tfw_gated_adversarial_mean": 2089.5416666666665,
  "tfw_gated_adversarial_std": 245.1535418018084,
  "tfw_etc_good_mean": 3125.7083333333335,
  "tfw_etc_good_std": 1541.226825818701,
  "tfw_etc_neutral_mean": 3717.7083333333335,
  "tfw_etc_neutral_std": 598.3808209527257,
  "tfw_etc_adversarial_mean": 1881.6666666666667,
  "tfw_etc_adversarial_std": 1640.8889602011907,
  "tfw_baseline_good_mean": 2222.4166666666665,
  "tfw_baseline_good_std": 207.98179616551033,
  "tfw_baseline_neutral_mean": 2222.4166666666665,
  "tfw_baseline_neutral_std": 207.98179616551033,
  "tfw_baseline_adversarial_mean": 2222.4166666666665,
  "tfw_baseline_adversarial_std": 207.98179616551033
}