{
  "num_games": 20,
  "game_seeds": [
    737,
    1482,
    1603,
    3043,
    3197,
    4098,
    4356,
    5003,
    5466,
    5621,
    5954,
    7184,
    7466,
    7657,
    8001,
    8400,
    8671,
    9011,
    9134,
    9153
  ],
  "n_off_fixed": 2000.0,
  "n_off_fixed_per_game": [
    2000,
    2000,
    2000,
    2000,
    2000,
    2000,
    2000,
    2000,
    2000,
    2000,
    2000,
    2000,
    2000,
    2000,
    2000,
    2000,
    2000,
    2000,
    2000,
    2000
  ],
  "tfw_hybrid_good_mean": 4708.9875,
  "tfw_hybrid_good_mean_per_game": [
    2294.9166666666665,
    2311.5,
    5979.125,
    6686.791666666667,
    4603.208333333333,
    6671.125,
    6137.25,
    4453.5,
    206.5,
    6279.0,
    6533.5,
    3584.4166666666665,
    7510.5,
    6677.291666666667,
    5363.375,
    463.5416666666667,
    2160.875,
    7093.833333333333,
    5303.583333333333,
    3865.9166666666665
  ],
  "tfw_hybrid_good_std": 1447.9947849257783,
  "tfw_hybrid_good_std_per_game": [
    2636.5367421588544,
    2055.3126494420553,
    1846.945217343916,
    144.99084803701493,
    2751.24259640537,
    724.4247680506357,
    392.5155494012169,
    663.3027376237267,
    631.2746938777403,
    522.3539529609334,
    270.55080692992726,
    2932.942770853439,
    466.3497474605532,
    1220.6771278115762,
    1279.2606496655046,
    1346.2149508308767,
    3123.1383228566187,
    855.773215928992,
    2691.2349988138494,
    2404.8533520627693
  ],
  "tfw_hybrid_neutral_mean": 5388.789583333333,
  "tfw_hybrid_neutral_mean_per_game": [
    5438.916666666667,
    5020.791666666667,
    6525.75,
    6492.541666666667,
    5156.416666666667,
    6570.458333333333,
    6995.791666666667,
    2907.0,
    2127.2916666666665,
    5796.541666666667,
    6619.333333333333,
    5642.333333333333,
    6881.708333333333,
    7080.25,
    5272.625,
    7074.416666666667,
    545.875,
    6300.666666666667,
    5428.625,
    3898.4583333333335
  ],
  "tfw_hybrid_neutral_std": 948.8457207612031,
  "tfw_hybrid_neutral_std_per_game": [
    364.2068113713352,
    1934.2424194807745,
    511.59981388309495,
    151.75007461259295,
    1631.8468576023506,
    901.9266806780031,
    426.4475072611814,
    888.7888192463896,
    1776.4199336860365,
    478.66299110958124,
    425.8236690244558,
    1237.167440309645,
    678.3805190475242,
    239.83277688749138,
    1839.5569365545844,
    141.14251714110645,
    1045.8965079943534,
    1218.759728314945,
    1706.544227697295,
    1377.9181833213236
  ],
  "tfw_hybrid_adversarial_mean": 5446.816666666666,
  "tfw_hybrid_adversarial_mean_per_game": [
    5091.75,
    5049.791666666667,
    5833.416666666667,
    6467.666666666667,
    6705.875,
    7365.958333333333,
    4753.25,
    2391.75,
    3708.7083333333335,
    5551.458333333333,
    5908.0,
    5956.583333333333,
    7310.375,
    6194.5,
    5897.25,
    4706.5,
    2840.9583333333335,
    6727.333333333333,
    6879.208333333333,
    3596.0
  ],
  "tfw_hybrid_adversarial_std": 585.7197123428308,
  "tfw_hybrid_adversarial_std_per_game": [
    340.88404888262033,
    929.8307924220577,
    343.58935508472354,
    158.93686651067424,
    813.2965827554787,
    81.2770244912111,
    796.5353372439046,
    672.1678911648811,
    848.4268039534505,
    289.07678822892996,
    247.37930741905322,
    577.3053533568633,
    59.976671189359294,
    739.8830107288702,
    1480.7912470673589,
    1579.8609184795762,
    856.6285522029227,
    337.37718108793393,
    275.57228660539784,
    285.5982279813496
  ],
  "tfw_gated_good_mean": 5882.427083333334,
  "tfw_gated_good_mean_per_game": [
    5636.75,
    4827.708333333333,
    6589.291666666667,
    6560.416666666667,
    7162.75,
    7358.25,
    5401.625,
    3928.7916666666665,
    3481.875,
    5889.583333333333,
    6528.125,
    6517.791666666667,
    7399.875,
    6856.958333333333,
    6369.916666666667,
    5222.25,
    3870.75,
    6918.708333333333,
    7083.791666666667,
    4043.3333333333335
  ],
  "tfw_gated_good_std": 403.85379930039664,
  "tfw_gated_good_std_per_game": [
    336.39498652108614,
    480.0967727780349,
    168.35714604134986,
    150.17784143465045,
    117.98940630412545,
    94.64866383218197,
    253.74084905324344,
    398.8859463410635,
    1627.0129288521875,
    213.40773725158274,
    179.5601661306582,
    598.7235682949887,
    60.058169266571674,
    119.10334539406512,
    1206.1657149347507,
    585.7821415776554,
    992.6798708984466,
    90.76605339704577,
    118.4967360279403,
    285.02794167630634
  ],
  "tfw_gated_neutral_mean": 5923.564583333333,
  "tfw_gated_neutral_mean_per_game": [
    5636.75,
    4827.708333333333,
    6589.291666666667,
    6560.416666666667,
    7162.75,
    7358.25,
    5401.625,
    3928.7916666666665,
    4259.666666666667,
    5889.583333333333,
    6528.125,
    6517.791666666667,
    7399.875,
    6856.958333333333,
    6369.916666666667,
    5222.25,
    3915.7083333333335,
    6918.708333333333,
    7083.791666666667,
    4043.3333333333335
  ],
  "tfw_gated_neutral_std": 328.00402687891454,
  "tfw_gated_neutral_std_per_game": [
    336.39498652108614,
    480.0967727780349,
    168.35714604134986,
    150.17784143465045,
    117.98940630412545,
    94.64866383218197,
    253.74084905324344,
    398.8859463410635,
    622.0734380431627,
    213.40773725158274,
    179.5601661306582,
    598.7235682949887,
    60.058169266571674,
    119.10334539406512,
    1206.1657149347507,
    585.7821415776554,
    480.62391327782757,
    90.76605339704577,
    118.4967360279403,
    285.02794167630634
  ],
  "tfw_gated_adversarial_mean": 5923.564583333333,
  "tfw_gated_adversarial_mean_per_game": [
    5636.75,
    4827.708333333333,
    6589.291666666667,
    6560.416666666667,
    7162.75,
    7358.25,
    5401.625,
    3928.7916666666665,
    4259.666666666667,
    5889.583333333333,
    6528.125,
    6517.791666666667,
    7399.875,
    6856.958333333333,
    6369.916666666667,
    5222.25,
    3915.7083333333335,
    6918.708333333333,
    7083.791666666667,
    4043.3333333333335
  ],
  "tfw_gated_adversarial_std": 328.00402687891454,
  "tfw_gated_adversarial_std_per_game": [
    336.39498652108614,
    480.0967727780349,
    168.35714604134986,
    150.17784143465045,
    117.98940630412545,
    94.64866383218197,
    253.74084905324344,
    398.8859463410635,
    622.0734380431627,
    213.40773725158274,
    179.5601661306582,
    598.7235682949887,
    60.058169266571674,
    119.10334539406512,
    1206.1657149347507,
    585.7821415776554,
    480.62391327782757,
    90.76605339704577,
    118.4967360279403,
    285.02794167630634
  ],
  "tfw_etc_good_mean": 5380.477083333333,
  "tfw_etc_good_mean_per_game": [
    3067.5,
    5656.625,
    5898.333333333333,
    6707.0,
    6662.25,
    7479.125,
    6341.333333333333,
    3319.1666666666665,
    2141.625,
    6908.666666666667,
    6582.708333333333,
    7225.458333333333,
    7781.458333333333,
    4311.583333333333,
    7303.083333333333,
    187.5,
    3188.0416666666665,
    7500.208333333333,
    3909.9583333333335,
    5437.916666666667
  ],
  "tfw_etc_good_std": 1616.0498588447877,
  "tfw_etc_good_std_per_game": [
    3404.962516552926,
    2426.601986541459,
    2454.067407505285,
    541.3551434172838,
    2093.0137050590993,
    502.01371127126384,
    1038.1856107261556,
    2149.1628231894647,
    2912.1915520565544,
    455.45234721067163,
    582.6322935546515,
    496.91894004054075,
    209.02838982689212,
    3783.375487538892,
    219.04018227091433,
    212.99336588974663,
    3050.332732800981,
    354.07515527033263,
    2808.570400371082,
    2627.023425801556
  ],
  "tfw_etc_neutral_mean": 5888.014583333334,