{
  "num_games": 20,
  "game_seeds": [
    737,
    1482,
    1603,
    3043,
    3197,
    4098,
    4356,
    5003,
    5466,
    5621,
    5954,
    7184,
    7466,
    7657,
    8001,
    8400,
    8671,
    9011,
    9134,
    9153
  ],
  "n_off_fixed": 1000.0,
  "n_off_fixed_per_game": [
    1000,
    1000,
    1000,
    1000,
    1000,
    1000,
    1000,
    1000,
    1000,
    1000,
    1000,
    1000,
    1000,
    1000,
    1000,
    1000,
    1000,
    1000,
    1000,
    1000
  ],
  "tfw_hybrid_good_mean": 2547.425,
  "tfw_hybrid_good_mean_per_game": [
    3775.9583333333335,
    4772.708333333333,
    4334.625,
    2939.5833333333335,
    2678.2916666666665,
    2622.3333333333335,
    1635.1666666666667,
    1056.9583333333333,
    15.166666666666666,
    2536.9166666666665,
    18.75,
    4685.958333333333,
    533.9583333333334,
    4066.7083333333335,
    4167.208333333333,
    4030.7083333333335,
    381.0833333333333,
    205.08333333333334,
    4047.2083333333335,
    2444.125
  ],
  "tfw_hybrid_good_std": 527.276731749029,
  "tfw_hybrid_good_std_per_game": [
    509.1713198629853,
    191.86033850891025,
    266.99272299153546,
    859.9676392630772,
    1251.2705361791848,
    223.53536179095804,
    1206.3844533461804,
    128.30042162208898,
    69.86550225824689,
    336.2875214774543,
    81.10071569940996,
    255.6773576832412,
    1197.5155977623247,
    348.0835081172166,
    446.7041603612597,
    259.97315566547763,
    798.550421302449,
    219.47128497262742,
    600.7917948816391,
    1294.030821234312
  ],
  "tfw_hybrid_neutral_mean": 2985.1333333333337,
  "tfw_hybrid_neutral_mean_per_game": [
    3825.7083333333335,
    4503.041666666667,
    4435.458333333333,
    3345.375,
    4029.9166666666665,
    2644.9583333333335,
    3278.1666666666665,
    867.6666666666666,
    3374.875,
    2185.7083333333335,
    464.5416666666667,
    4499.041666666667,
    1181.3333333333333,
    3927.1666666666665,
    4436.708333333333,
    4071.5833333333335,
    292.9583333333333,
    508.9583333333333,
    4576.291666666667,
    3253.2083333333335
  ],
  "tfw_hybrid_neutral_std": 613.9739174947365,
  "tfw_hybrid_neutral_std_per_game": [
    179.2664956127479,
    187.9681932313727,
    155.08145942687997,
    333.8228914051386,
    1048.1405032211826,
    752.0647219584846,
    1325.7319771968687,
    560.4820647688348,
    1389.712742056711,
    276.48043867697857,
    133.93703230693296,
    103.15142063835158,
    1882.718355409832,
    1039.7042918506943,
    134.22320124934882,
    279.34767439233457,
    234.42259854831602,
    875.8032079514044,
    169.92107609548992,
    1217.4980038968251
  ],
  "tfw_hybrid_adversarial_mean": 2935.5604166666667,
  "tfw_hybrid_adversarial_mean_per_game": [
    3521.7916666666665,
    4468.541666666667,
    4105.666666666667,
    2990.25,
    3143.4583333333335,
    2231.9166666666665,
    2539.5,
    580.9166666666666,
    1393.6666666666667,
    1864.0833333333333,
    1609.375,
    4740.041666666667,
    2023.0,
    4187.625,
    4370.416666666667,
    3215.375,
    1666.4583333333333,
    2163.2916666666665,
    4423.75,
    3472.0833333333335
  ],
  "tfw_hybrid_adversarial_std": 591.9332900525408,
  "tfw_hybrid_adversarial_std_per_game": [
    256.6901327970406,
    184.5989729037013,
    271.4866746136053,
    367.2349384249816,
    1457.6219459512952,
    551.7221194600135,
    261.08336166659575,
    110.8720048040774,
    171.80162135861607,
    316.88729537647055,
    906.4233492378041,
    85.52318738044171,
    1888.731757601887,
    761.7420430942428,
    149.97359671003736,
    520.4149525389206,
    1047.3705784597869,
    1054.8167975763731,
    422.1464046471576,
    1051.5240664477635
  ],
  "tfw_gated_good_mean": 2855.039583333333,
  "tfw_gated_good_mean_per_game": [
    3470.5833333333335,
    4445.833333333333,
    4236.541666666667,
    3090.875,
    1622.0833333333333,
    2639.5416666666665,
    2503.3333333333335,
    963.5416666666666,
    1636.0,
    2089.5416666666665,
    2536.5833333333335,
    4810.833333333333,
    1316.1666666666667,
    3971.9583333333335,
    4200.583333333333,
    3086.4583333333335,
    1264.0,
    2161.75,
    4369.583333333333,
    2685.0
  ],
  "tfw_gated_good_std": 448.7311784175398,
  "tfw_gated_good_std_per_game": [
    259.20160303225896,
    74.13247054028211,
    85.73618746235286,
    233.77977606211402,
    91.0785216252947,
    192.21002533837745,
    201.28687437858795,
    118.23042320407423,
    527.9967885277828,
    245.1535418018084,
    1798.7246186181997,
    52.45011432545809,
    1080.817631991257,
    253.7875659349536,
    79.38070988249775,
    571.0994719696894,
    915.4739328561631,
    1334.2708560825663,
    150.51647798472942,
    709.2959767323481
  ],
  "tfw_gated_neutral_mean": 2919.125,
  "tfw_gated_neutral_mean_per_game": [
    3470.5833333333335,
    4445.833333333333,
    4236.541666666667,
    3090.875,
    1622.0833333333333,
    2639.5416666666665,
    2503.3333333333335,
    963.5416666666666,
    1776.25,
    2089.5416666666665,
    2693.375,
    4810.833333333333,
    1539.5416666666667,
    3971.9583333333335,
    4200.583333333333,
    3086.4583333333335,
    1870.4166666666667,
    2316.625,
    4369.583333333333,
    2685.0
  ],
  "tfw_gated_neutral_std": 289.48963561932385,
  "tfw_gated_neutral_std_per_game": [
    259.20160303225896,
    74.13247054028211,
    85.73618746235286,
    233.77977606211402,
    91.0785216252947,
    192.21002533837745,
    201.28687437858795,
    118.23042320407423,
    163.19053947429992,
    245.1535418018084,
    803.9761413559268,
    52.45011432545809,
    660.3335770434626,
    253.7875659349536,
    79.38070988249775,
    571.0994719696894,
    214.59120219144822,
    630.3615120465123,
    150.51647798472942,
    709.2959767323481
  ],
  "tfw_gated_adversarial_mean": 2919.125,
  "tfw_gated_adversarial_mean_per_game": [
    3470.5833333333335,
    4445.833333333333,
    4236.541666666667,
    3090.875,
    1622.0833333333333,
    2639.5416666666665,
    2503.3333333333335,
    963.5416666666666,
    1776.25,
    2089.5416666666665,
    2693.375,
    4810.833333333333,
    1539.5416666666667,
    3971.9583333333335,
    4200.583333333333,
    3086.4583333333335,
    1870.4166666666667,
    2316.625,
    4369.583333333333,
    2685.0
  ],
  "tfw_gated_adversarial_std": 289.48963561932385,
  "tfw_gated_adversarial_std_per_game": [
    259.20160303225896,
    74.13247054028211,
    85.73618746235286,
    233.77977606211402,
    91.0785216252947,
    192.21002533837745,
    201.28687437858795,
    118.23042320407423,
    163.19053947429992,
    245.1535418018084,
    803.9761413559268,
    52.45011432545809,
    660.3335770434626,
    253.7875659349536,
    79.38070988249775,
    571.0994719696894,
    214.59120219144822,
    630.3615120465123,
    150.51647798472942,
    709.2959767323481
  ],
  "tfw_etc_good_mean": 2871.4833333333336,
  "tfw_etc_good_mean_per_game": [
    3327.0833333333335,
    4767.833333333333,
    4510.0,
    2242.4166666666665,
    3226.875,
    2496.0,
    1605.7916666666667,
    1070.6666666666667,
    2267.75,
    3125.7083333333335,
    2486.125,
    4561.875,
    624.0,
    4365.5,
    4572.708333333333,
    4035.6666666666665,
    410.5833333333333,
    2292.9583333333335,
    4344.375,
    1095.75
  ],
  "tfw_etc_good_std": 1090.7488569802365,
  "tfw_etc_good_std_per_game": [
    1242.1768380957076,
    312.51666622224593,
    179.0081368080185,
    1816.878113608655,
    1387.7796878310771,
    949.2473906709737,
    1283.5494258590857,
    866.0237303037807,
    2131.1861822652336,
    1541.226825818701,
    2116.0758454496977,
    204.4983921484576,
    1143.9038041039457,
    185.3037459439759,
    343.5362747970719,
    596.9902531187931,
    953.804460712657,
    2006.804435331621,
    825.7022735618556,
    1728.7646569531767
  ],
  "tfw_etc_neutral_mean": 3021.9,