{
  "algorithm_1": "non_contextual_per_context_tabular_hybrid_fmucb",
  "algorithm_2": "full_contextual_hybrid_fmucb_linucb",
  "feature_map": "kronecker: z_x \u2297 [e_a; e_b]",
  "reward_model": "Bernoulli",
  "d_ctx": 3,
  "d": 25,
  "n_off": 1000,
  "n_off_per_ctx": null,
  "n_a": 4,
  "n_b": 4,
  "n_x_list": [
    5,
    10,
    20,
    30
  ],
  "tfw_tab_mean": {
    "5": 11859.708333333334,
    "10": 13401.25,
    "20": 13677.291666666666,
    "30": 14011.75
  },
  "tfw_ctx_mean": {
    "5": 5196.5,
    "10": 5155.25,
    "20": 4447.166666666667,
    "30": 4405.125
  },
  "tfw_gated_ctx_mean": {
    "5": 5708.041666666667,
    "10": 5638.75,
    "20": 5021.333333333333,
    "30": 5035.916666666667
  },
  "tfw_etc_ctx_mean": {
    "5": 4934.916666666667,
    "10": 6703.25,
    "20": 5704.916666666667,
    "30": 4971.0
  },
  "tfw_online_ctx_mean": {
    "5": 6167.125,
    "10": 5804.416666666667,
    "20": 4967.166666666667,
    "30": 5145.75
  },
  "ratio": {
    "5": 2.2822492703422177,
    "10": 2.5995344551670625,
    "20": 3.075506877037814,
    "30": 3.1807837462047046
  },
  "n_qualified_frac": {
    "5": 1.0,
    "10": 1.0,
    "20": 1.0,
    "30": 1.0
  }
}