{
  "n_off": [
    0,
    500,
    1000,
    2000,
    4000,
    6000,
    10000,
    15000
  ],
  "reward_model": "Bernoulli",
  "confidence_sets": "regression_Hoeffding",
  "confidence_delta": 0.05,
  "gamma_exp3": 0.01,
  "game_seed": 7466,
  "data_quality": "good",
  "tfw_baseline_mean": [
    7346.875,
    7346.875,
    7346.875,
    7346.875,
    7346.875,
    7346.875,
    7346.875,
    7346.875
  ],
  "tfw_baseline_std": [
    162.87213242829213,
    162.87213242829213,
    162.87213242829213,
    162.87213242829213,
    162.87213242829213,
    162.87213242829213,
    162.87213242829213,
    162.87213242829213
  ],
  "tfw_hybrid_mean": [
    7413.291666666667,
    7588.666666666667,
    7557.666666666667,
    7601.166666666667,
    7333.625,
    6660.875,
    5611.5,
    4717.208333333333
  ],
  "tfw_hybrid_std": [
    69.30052962133192,
    227.44395710413676,
    341.61670189628137,
    479.64648817977223,
    647.5931903729311,
    1496.7078455730764,
    1526.3764707419932,
    1310.528037593565
  ],
  "tfw_gated_mean": [
    7419.5,
    7385.083333333333,
    7413.291666666667,
    7422.833333333333,
    7398.625,
    7414.375,
    7374.625,
    7387.208333333333
  ],
  "tfw_gated_std": [
    86.88222913306515,
    91.04271174739273,
    69.30052962133192,
    73.22429310993228,
    85.83797299969083,
    75.76210622158307,
    134.50676805341027,
    135.8688559401777
  ],
  "tfw_etc_mean": [
    6970.333333333333,
    7784.75,
    7718.208333333333,
    7741.916666666667,
    7082.291666666667,
    6863.375,
    6942.333333333333,
    6932.0
  ],
  "tfw_etc_std": [
    78.20300598396162,
    357.48970796982087,
    323.55336622743005,
    212.15435657674522,
    626.527315006517,
    389.406662645933,
    198.9257380917872,
    55.21263245497986
  ],
  "convergence_baseline_mean": [
    8000.0,
    8000.0,
    8000.0,
    8000.0,
    8000.0,
    8000.0,
    8000.0,
    8000.0
  ],
  "convergence_hybrid_mean": [
    8000.0,
    8000.0,
    7962.833333333333,
    7906.75,
    7348.208333333333,
    6384.833333333333,
    6886.833333333333,
    5593.833333333333
  ],
  "theorem1_offline_transfer_rate_gated_mean": [
    NaN,
    0.0,
    0.0,
    0.0,
    0.0,
    0.0,
    0.0,
    0.0
  ],
  "offline_m0_nonempty_rate_gated_mean": [
    NaN,
    0.0,
    0.0,
    0.0,
    0.4583333333333333,
    0.9166666666666666,
    1.0,
    1.0
  ],
  "c_man_per_noff": {
    "500": {
      "c_man": 8.485281374238571,
      "lhs": 1.1384199576606167,
      "threshold": 0.017598768985665897
    },
    "1000": {
      "c_man": 8.485281374238571,
      "lhs": 0.8049844718999244,
      "threshold": 0.017598768985665897
    },
    "2000": {
      "c_man": 8.485281374238571,
      "lhs": 0.5692099788303083,
      "threshold": 0.017598768985665897
    },
    "4000": {
      "c_man": 8.485281374238571,
      "lhs": 0.4024922359499622,
      "threshold": 0.017598768985665897
    },
    "6000": {
      "c_man": 8.485281374238571,
      "lhs": 0.32863353450309973,
      "threshold": 0.017598768985665897
    },
    "10000": {
      "c_man": 8.48528137423857,
      "lhs": 0.2545584412271571,
      "threshold": 0.017598768985665897
    },
    "15000": {
      "c_man": 8.48528137423857,
      "lhs": 0.20784609690826525,
      "threshold": 0.017598768985665897
    }
  },
  "delta3": 0.07039507594266359
}