{
  "n_off_fixed": 2000,
  "game_seed": 7466,
  "tfw_hybrid_good_mean": 7510.5,
  "tfw_hybrid_good_std": 466.3497474605532,
  "tfw_hybrid_neutral_mean": 6881.708333333333,
  "tfw_hybrid_neutral_std": 678.3805190475242,
  "tfw_hybrid_adversarial_mean": 7310.375,
  "tfw_hybrid_adversarial_std": 59.976671189359294,
  "tfw_gated_good_mean": 7399.875,
  "tfw_gated_good_std": 60.058169266571674,
  "tfw_gated_neutral_mean": 7399.875,
  "tfw_gated_neutral_std": 60.058169266571674,
  "tfw_gated_adversarial_mean": 7399.875,
  "tfw_gated_adversarial_std": 60.058169266571674,
  "tfw_etc_good_mean": 7781.458333333333,
  "tfw_etc_good_std": 209.02838982689212,
  "tfw_etc_neutral_mean": 6808.541666666667,
  "tfw_etc_neutral_std": 312.6484314156504,
  "tfw_etc_adversarial_mean": 7390.375,
  "tfw_etc_adversarial_std": 339.9619943592161,
  "tfw_baseline_good_mean": 7395.75,
  "tfw_baseline_good_std": 78.71591740031944,
  "tfw_baseline_neutral_mean": 7395.75,
  "tfw_baseline_neutral_std": 78.71591740031944,
  "tfw_baseline_adversarial_mean": 7395.75,
  "tfw_baseline_adversarial_std": 78.71591740031944
}