{
  "n_off": [
    0,
    1000,
    2000,
    4000,
    8000,
    12000,
    20000,
    30000
  ],
  "reward_model": "Bernoulli",
  "confidence_sets": "regression_Hoeffding",
  "confidence_delta": 0.05,
  "gamma_exp3": 0.01,
  "game_seed": 7466,
  "data_quality": "good",
  "tfw_baseline_mean": [
    8796.625,
    8796.625,
    8796.625,
    8796.625,
    8796.625,
    8796.625,
    8796.625,
    8796.625
  ],
  "tfw_baseline_std": [
    758.7229437909352,
    758.7229437909352,
    758.7229437909352,
    758.7229437909352,
    758.7229437909352,
    758.7229437909352,
    758.7229437909352,
    758.7229437909352
  ],
  "tfw_hybrid_mean": [
    8770.0,
    7601.25,
    6177.291666666667,
    5696.666666666667,
    4489.041666666667,
    5161.25,
    3690.9166666666665,
    3625.5416666666665
  ],
  "tfw_hybrid_std": [
    595.70951485347,
    3119.618346919184,
    4064.987229020707,
    4861.554972806867,
    4382.622011289654,
    2620.8085750310956,
    329.1611098411901,
    484.4949839706843
  ],
  "tfw_gated_mean": [
    8948.666666666666,
    8681.583333333334,
    8770.0,
    8776.083333333334,
    9133.75,
    9447.541666666666,
    9279.416666666666,
    8799.041666666666
  ],
  "tfw_gated_std": [
    855.3627588779875,
    915.2862662988898,
    595.70951485347,
    863.2257459122712,
    996.5649371280546,
    1886.8135545126745,
    1839.0034379868725,
    1983.3788359473988
  ],
  "tfw_etc_mean": [
    11437.666666666666,
    10337.333333333334,
    8804.625,
    4791.416666666667,
    10345.041666666666,
    9562.583333333334,
    9253.25,
    8742.0
  ],
  "tfw_etc_std": [
    39.911496291568476,
    2739.213480682662,
    3619.234891670746,
    4577.068550337951,
    352.60280390099075,
    1890.120422127894,
    1839.444676360587,
    1987.1425628820373
  ],
  "convergence_baseline_mean": [
    11992.125,
    11992.125,
    11992.125,
    11992.125,
    11992.125,
    11992.125,
    11992.125,
    11992.125
  ],
  "convergence_hybrid_mean": [
    12000.0,
    8682.5,
    7110.583333333333,
    6519.708333333333,
    4536.25,
    2248.9166666666665,
    1477.875,
    1489.375
  ],
  "theorem1_offline_transfer_rate_gated_mean": [
    NaN,
    0.0,
    0.0,
    0.0,
    0.2916666666666667,
    0.9166666666666666,
    1.0,
    1.0
  ],
  "offline_m0_nonempty_rate_gated_mean": [
    NaN,
    0.0,
    0.041666666666666664,
    0.875,
    1.0,
    1.0,
    1.0,
    1.0
  ],
  "c_man_per_noff": {
    "1000": {
      "c_man": 11.313708498984761,
      "lhs": 1.4310835055998654,
      "threshold": 0.15389417731653857
    },
    "2000": {
      "c_man": 11.313708498984761,
      "lhs": 1.0119288512538815,
      "threshold": 0.15389417731653857
    },
    "4000": {
      "c_man": 11.313708498984761,
      "lhs": 0.7155417527999327,
      "threshold": 0.15389417731653857
    },
    "8000": {
      "c_man": 11.313708498984761,
      "lhs": 0.5059644256269408,
      "threshold": 0.15389417731653857
    },
    "12000": {
      "c_man": 11.313708498984761,
      "lhs": 0.4131182235954578,
      "threshold": 0.15389417731653857
    },
    "20000": {
      "c_man": 11.313708498984761,
      "lhs": 0.32,
      "threshold": 0.15389417731653857
    },
    "30000": {
      "c_man": 11.313708498984761,
      "lhs": 0.26127890589687236,
      "threshold": 0.15389417731653857
    }
  },
  "delta3": 0.6155767092661543
}