{
  "n_off_fixed": 4000,
  "game_seed": 7466,
  "tfw_hybrid_good_mean": 3973.1666666666665,
  "tfw_hybrid_good_std": 4363.106618261677,
  "tfw_hybrid_neutral_mean": 9369.458333333334,
  "tfw_hybrid_neutral_std": 2662.789008264874,
  "tfw_hybrid_adversarial_mean": 5773.958333333333,
  "tfw_hybrid_adversarial_std": 641.3342396005829,
  "tfw_gated_good_mean": 9122.666666666666,
  "tfw_gated_good_std": 780.8357098629016,
  "tfw_gated_neutral_mean": 9122.666666666666,
  "tfw_gated_neutral_std": 780.8357098629016,
  "tfw_gated_adversarial_mean": 9122.666666666666,
  "tfw_gated_adversarial_std": 780.8357098629016,
  "tfw_etc_good_mean": 5574.125,
  "tfw_etc_good_std": 4415.822532198227,
  "tfw_etc_neutral_mean": 1700.2916666666667,
  "tfw_etc_neutral_std": 3336.9348142734443,
  "tfw_etc_adversarial_mean": 6329.833333333333,
  "tfw_etc_adversarial_std": 2301.8590722296176,
  "tfw_baseline_good_mean": 8649.416666666666,
  "tfw_baseline_good_std": 762.1316739289853,
  "tfw_baseline_neutral_mean": 8649.416666666666,
  "tfw_baseline_neutral_std": 762.1316739289853,
  "tfw_baseline_adversarial_mean": 8649.416666666666,
  "tfw_baseline_adversarial_std": 762.1316739289853
}