{
  "n_off": [
    0,
    200,
    500,
    1000,
    2000,
    3000,
    5000,
    8000
  ],
  "reward_model": "Bernoulli",
  "confidence_sets": "regression_Hoeffding",
  "confidence_delta": 0.05,
  "gamma_exp3": 0.01,
  "game_seed": 5954,
  "data_quality": "good",
  "tfw_baseline_mean": [
    2694.0833333333335,
    2694.0833333333335,
    2694.0833333333335,
    2694.0833333333335,
    2694.0833333333335,
    2694.0833333333335,
    2694.0833333333335,
    2694.0833333333335
  ],
  "tfw_baseline_std": [
    856.3568393093408,
    856.3568393093408,
    856.3568393093408,
    856.3568393093408,
    856.3568393093408,
    856.3568393093408,
    856.3568393093408,
    856.3568393093408
  ],
  "tfw_hybrid_mean": [
    2586.9583333333335,
    2145.5416666666665,
    70.25,
    40.125,
    455.1666666666667,
    584.0,
    588.4166666666666,
    508.0
  ],
  "tfw_hybrid_std": [
    684.677866443119,
    946.885649363752,
    212.3899715146645,
    129.35435405522105,
    163.62966316248,
    148.1162880395289,
    153.86016143031412,
    126.16345505456145
  ],
  "tfw_gated_mean": [
    2395.5833333333335,
    2557.2083333333335,
    2329.0,
    2819.25,
    4212.375,
    4146.958333333333,
    4048.1666666666665,
    3185.375
  ],
  "tfw_gated_std": [
    909.0444058922852,
    872.886365390168,
    975.8092293957426,
    1633.9969732822801,
    112.95047491094802,
    136.90602272351282,
    869.096765847047,
    1879.8464741314242
  ],
  "tfw_etc_mean": [
    2121.3333333333335,
    3205.375,
    1726.0,
    2861.8333333333335,
    4187.083333333333,
    4134.666666666667,
    4018.125,
    3162.9166666666665
  ],
  "tfw_etc_std": [
    284.81751086046944,
    2100.99617805873,
    2100.891487792328,
    1890.5481300099336,
    154.1839434110994,
    156.10884348586006,
    862.4774886791312,
    1866.3357477121865
  ],
  "convergence_baseline_mean": [
    3945.125,
    3945.125,
    3945.125,
    3945.125,
    3945.125,
    3945.125,
    3945.125,
    3945.125
  ],
  "convergence_hybrid_mean": [
    3848.375,
    2738.875,
    218.29166666666666,
    231.625,
    493.8333333333333,
    691.0,
    780.625,
    747.0416666666666
  ],
  "theorem1_offline_transfer_rate_gated_mean": [
    NaN,
    0.0,
    0.125,
    0.7083333333333334,
    1.0,
    1.0,
    1.0,
    1.0
  ],
  "offline_m0_nonempty_rate_gated_mean": [
    NaN,
    0.25,
    0.625,
    1.0,
    1.0,
    1.0,
    1.0,
    1.0
  ],
  "c_man_per_noff": {
    "200": {
      "c_man": 5.656854249492381,
      "lhs": 0.8,
      "threshold": 0.18132914307914372
    },
    "500": {
      "c_man": 5.656854249492381,
      "lhs": 0.5059644256269408,
      "threshold": 0.18132914307914372
    },
    "1000": {
      "c_man": 5.656854249492381,
      "lhs": 0.35777087639996635,
      "threshold": 0.18132914307914372
    },
    "2000": {
      "c_man": 5.656854249492381,
      "lhs": 0.2529822128134704,
      "threshold": 0.18132914307914372
    },
    "3000": {
      "c_man": 5.656854249492381,
      "lhs": 0.2065591117977289,
      "threshold": 0.18132914307914372
    },
    "5000": {
      "c_man": 5.656854249492381,
      "lhs": 0.16,
      "threshold": 0.18132914307914372
    },
    "8000": {
      "c_man": 5.656854249492381,
      "lhs": 0.1264911064067352,
      "threshold": 0.18132914307914372
    }
  },
  "delta3": 0.7253165723165749
}