{
  "n_off_fixed": 1000,
  "game_seed": 5954,
  "tfw_hybrid_good_mean": 18.75,
  "tfw_hybrid_good_std": 81.10071569940996,
  "tfw_hybrid_neutral_mean": 464.5416666666667,
  "tfw_hybrid_neutral_std": 133.93703230693296,
  "tfw_hybrid_adversarial_mean": 1609.375,
  "tfw_hybrid_adversarial_std": 906.4233492378041,
  "tfw_gated_good_mean": 2536.5833333333335,
  "tfw_gated_good_std": 1798.7246186181997,
  "tfw_gated_neutral_mean": 2693.375,
  "tfw_gated_neutral_std": 803.9761413559268,
  "tfw_gated_adversarial_mean": 2693.375,
  "tfw_gated_adversarial_std": 803.9761413559268,
  "tfw_etc_good_mean": 2486.125,
  "tfw_etc_good_std": 2116.0758454496977,
  "tfw_etc_neutral_mean": 352.9583333333333,
  "tfw_etc_neutral_std": 1195.9991812984933,
  "tfw_etc_adversarial_mean": 3637.5833333333335,
  "tfw_etc_adversarial_std": 975.4702730597116,
  "tfw_baseline_good_mean": 2461.8333333333335,
  "tfw_baseline_good_std": 753.3147426204238,
  "tfw_baseline_neutral_mean": 2461.8333333333335,
  "tfw_baseline_neutral_std": 753.3147426204238,
  "tfw_baseline_adversarial_mean": 2461.8333333333335,
  "tfw_baseline_adversarial_std": 753.3147426204238
}