{
  "n_off": [
    0,
    200,
    500,
    1000,
    2000,
    3000,
    5000,
    8000
  ],
  "reward_model": "Bernoulli",
  "confidence_sets": "regression_Hoeffding",
  "confidence_delta": 0.05,
  "gamma_exp3": 0.01,
  "game_seed": 9134,
  "data_quality": "good",
  "tfw_baseline_mean": [
    4225.625,
    4225.625,
    4225.625,
    4225.625,
    4225.625,
    4225.625,
    4225.625,
    4225.625
  ],
  "tfw_baseline_std": [
    161.38256263220984,
    161.38256263220984,
    161.38256263220984,
    161.38256263220984,
    161.38256263220984,
    161.38256263220984,
    161.38256263220984,
    161.38256263220984
  ],
  "tfw_hybrid_mean": [
    4256.25,
    4460.0,
    4405.666666666667,
    4078.0416666666665,
    3386.25,
    2115.0416666666665,
    320.4166666666667,
    168.45833333333334
  ],
  "tfw_hybrid_std": [
    133.76886295267735,
    184.48423993015962,
    184.78157885476023,
    607.7076298729489,
    1057.991133767403,
    1454.494786908818,
    307.2572801934627,
    198.31309877294427
  ],
  "tfw_gated_mean": [
    4307.875,
    4264.875,
    4256.25,
    4258.0,
    4268.041666666667,
    4311.75,
    3643.0833333333335,
    1580.125
  ],
  "tfw_gated_std": [
    125.94799219967912,
    174.9338539587737,
    133.76886295267735,
    340.854552686269,
    99.75730513369048,
    130.55142248571434,
    1539.6192334658497,
    2009.1608309354474
  ],
  "tfw_etc_mean": [
    5000.0,
    4460.416666666667,
    4449.25,
    4061.9583333333335,
    2536.9583333333335,
    1280.5,
    262.3333333333333,
    182.79166666666666
  ],
  "tfw_etc_std": [
    0.0,
    464.94496323820925,
    242.37201911972824,
    1261.2328157718189,
    2174.841533041104,
    1804.1845803575643,
    249.25308714091258,
    243.26993044347057
  ],
  "convergence_baseline_mean": [
    5000.0,
    5000.0,
    5000.0,
    5000.0,
    5000.0,
    5000.0,
    5000.0,
    5000.0
  ],
  "convergence_hybrid_mean": [
    5000.0,
    5000.0,
    5000.0,
    4959.708333333333,
    4666.791666666667,
    2447.9583333333335,
    518.5416666666666,
    216.04166666666666
  ],
  "theorem1_offline_transfer_rate_gated_mean": [
    NaN,
    0.0,
    0.0,
    0.0,
    0.0,
    0.041666666666666664,
    0.16666666666666666,
    0.6666666666666666
  ],
  "offline_m0_nonempty_rate_gated_mean": [
    NaN,
    0.0,
    0.125,
    1.0,
    1.0,
    1.0,
    1.0,
    1.0
  ],
  "c_man_per_noff": {
    "200": {
      "c_man": 5.656854249492381,
      "lhs": 0.8,
      "threshold": 0.05695173050705071
    },
    "500": {
      "c_man": 5.656854249492381,
      "lhs": 0.5059644256269408,
      "threshold": 0.05695173050705071
    },
    "1000": {
      "c_man": 5.656854249492381,
      "lhs": 0.35777087639996635,
      "threshold": 0.05695173050705071
    },
    "2000": {
      "c_man": 5.656854249492381,
      "lhs": 0.2529822128134704,
      "threshold": 0.05695173050705071
    },
    "3000": {
      "c_man": 5.656854249492381,
      "lhs": 0.2065591117977289,
      "threshold": 0.05695173050705071
    },
    "5000": {
      "c_man": 5.656854249492381,
      "lhs": 0.16,
      "threshold": 0.05695173050705071
    },
    "8000": {
      "c_man": 5.656854249492381,
      "lhs": 0.1264911064067352,
      "threshold": 0.05695173050705071
    }
  },
  "delta3": 0.22780692202820285
}