{
  "n_off_fixed": 1000,
  "game_seed": 9134,
  "tfw_hybrid_good_mean": 4047.2083333333335,
  "tfw_hybrid_good_std": 600.7917948816391,
  "tfw_hybrid_neutral_mean": 4576.291666666667,
  "tfw_hybrid_neutral_std": 169.92107609548992,
  "tfw_hybrid_adversarial_mean": 4423.75,
  "tfw_hybrid_adversarial_std": 422.1464046471576,
  "tfw_gated_good_mean": 4369.583333333333,
  "tfw_gated_good_std": 150.51647798472942,
  "tfw_gated_neutral_mean": 4369.583333333333,
  "tfw_gated_neutral_std": 150.51647798472942,
  "tfw_gated_adversarial_mean": 4369.583333333333,
  "tfw_gated_adversarial_std": 150.51647798472942,
  "tfw_etc_good_mean": 4344.375,
  "tfw_etc_good_std": 825.7022735618556,
  "tfw_etc_neutral_mean": 4568.25,
  "tfw_etc_neutral_std": 201.0455821125063,
  "tfw_etc_adversarial_mean": 4283.0,
  "tfw_etc_adversarial_std": 907.3742816261224,
  "tfw_baseline_good_mean": 4209.5,
  "tfw_baseline_good_std": 117.88904142012744,
  "tfw_baseline_neutral_mean": 4209.5,
  "tfw_baseline_neutral_std": 117.88904142012744,
  "tfw_baseline_adversarial_mean": 4209.5,
  "tfw_baseline_adversarial_std": 117.88904142012744
}