{
  "n_off": [
    0,
    1000,
    2000,
    4000,
    8000,
    12000,
    20000,
    30000
  ],
  "reward_model": "Bernoulli",
  "confidence_sets": "regression_Hoeffding",
  "confidence_delta": 0.05,
  "gamma_exp3": 0.01,
  "game_seed": 1482,
  "data_quality": "good",
  "tfw_baseline_mean": [
    10836.125,
    10836.125,
    10836.125,
    10836.125,
    10836.125,
    10836.125,
    10836.125,
    10836.125
  ],
  "tfw_baseline_std": [
    178.82547053773823,
    178.82547053773823,
    178.82547053773823,
    178.82547053773823,
    178.82547053773823,
    178.82547053773823,
    178.82547053773823,
    178.82547053773823
  ],
  "tfw_hybrid_mean": [
    10804.666666666666,
    11078.25,
    10373.75,
    7707.791666666667,
    1379.5,
    546.7083333333334,
    4064.0,
    2932.4583333333335
  ],
  "tfw_hybrid_std": [
    298.0867493615366,
    513.2662034969513,
    2208.7458028797996,
    5050.729529562745,
    3195.0671354448878,
    1289.3577598831964,
    1105.9267999992232,
    1842.5852107997534
  ],
  "tfw_gated_mean": [
    10761.125,
    10752.208333333334,
    10804.666666666666,
    10754.25,
    10794.75,
    10740.833333333334,
    9245.875,
    3248.375
  ],
  "tfw_gated_std": [
    265.6773644037477,
    347.43757389439503,
    298.0867493615366,
    269.5755520459331,
    235.78476736578878,
    299.60055532929704,
    3590.2886563436045,
    4760.609595716297
  ],
  "tfw_etc_mean": [
    11784.708333333334,
    11595.25,
    11708.625,
    11226.041666666666,
    7036.25,
    4180.958333333333,
    3386.9166666666665,
    2326.9583333333335
  ],
  "tfw_etc_std": [
    18.688473933711514,
    463.84491879900133,
    369.8899733587062,
    469.80833086868864,
    4985.625530942191,
    4861.284223591151,
    4721.564257344369,
    4047.76941772354
  ],
  "convergence_baseline_mean": [
    12000.0,
    12000.0,
    12000.0,
    12000.0,
    12000.0,
    12000.0,
    12000.0,
    12000.0
  ],
  "convergence_hybrid_mean": [
    12000.0,
    11543.583333333334,
    10944.791666666666,
    7931.833333333333,
    1234.625,
    270.4166666666667,
    220.70833333333334,
    243.33333333333334
  ],
  "theorem1_offline_transfer_rate_gated_mean": [
    NaN,
    0.0,
    0.0,
    0.0,
    0.0,
    0.0,
    0.25,
    0.8333333333333334
  ],
  "offline_m0_nonempty_rate_gated_mean": [
    NaN,
    0.0,
    0.0,
    0.2916666666666667,
    1.0,
    1.0,
    1.0,
    1.0
  ],
  "c_man_per_noff": {
    "1000": {
      "c_man": 11.313708498984761,
      "lhs": 1.4310835055998654,
      "threshold": 0.10094614314174694
    },
    "2000": {
      "c_man": 11.313708498984761,
      "lhs": 1.0119288512538815,
      "threshold": 0.10094614314174694
    },
    "4000": {
      "c_man": 11.313708498984761,
      "lhs": 0.7155417527999327,
      "threshold": 0.10094614314174694
    },
    "8000": {
      "c_man": 11.313708498984761,
      "lhs": 0.5059644256269408,
      "threshold": 0.10094614314174694
    },
    "12000": {
      "c_man": 11.313708498984761,
      "lhs": 0.4131182235954578,
      "threshold": 0.10094614314174694
    },
    "20000": {
      "c_man": 11.313708498984761,
      "lhs": 0.32,
      "threshold": 0.10094614314174694
    },
    "30000": {
      "c_man": 11.313708498984761,
      "lhs": 0.26127890589687236,
      "threshold": 0.10094614314174694
    }
  },
  "delta3": 0.40378457256698774
}