{
  "n_off_fixed": 4000,
  "game_seed": 1482,
  "tfw_hybrid_good_mean": 4041.125,
  "tfw_hybrid_good_std": 5007.768333234658,
  "tfw_hybrid_neutral_mean": 7030.0,
  "tfw_hybrid_neutral_std": 2705.3027637361147,
  "tfw_hybrid_adversarial_mean": 9948.541666666666,
  "tfw_hybrid_adversarial_std": 343.8064393719571,
  "tfw_gated_good_mean": 10715.291666666666,
  "tfw_gated_good_std": 255.5470652076284,
  "tfw_gated_neutral_mean": 10715.291666666666,
  "tfw_gated_neutral_std": 255.5470652076284,
  "tfw_gated_adversarial_mean": 10715.291666666666,
  "tfw_gated_adversarial_std": 255.5470652076284,
  "tfw_etc_good_mean": 10067.125,
  "tfw_etc_good_std": 3034.150770271499,
  "tfw_etc_neutral_mean": 9955.208333333334,
  "tfw_etc_neutral_std": 2150.0090187711075,
  "tfw_etc_adversarial_mean": 10891.208333333334,
  "tfw_etc_adversarial_std": 472.08298636414844,
  "tfw_baseline_good_mean": 10796.958333333334,
  "tfw_baseline_good_std": 209.7939940216026,
  "tfw_baseline_neutral_mean": 10796.958333333334,
  "tfw_baseline_neutral_std": 209.7939940216026,
  "tfw_baseline_adversarial_mean": 10796.958333333334,
  "tfw_baseline_adversarial_std": 209.7939940216026
}