{
  "n_off": [
    0,
    500,
    1000,
    2000,
    4000,
    6000,
    10000,
    15000
  ],
  "reward_model": "Bernoulli",
  "confidence_sets": "regression_Hoeffding",
  "confidence_delta": 0.05,
  "gamma_exp3": 0.01,
  "game_seed": 4356,
  "data_quality": "good",
  "tfw_baseline_mean": [
    5676.458333333333,
    5676.458333333333,
    5676.458333333333,
    5676.458333333333,
    5676.458333333333,
    5676.458333333333,
    5676.458333333333,
    5676.458333333333
  ],
  "tfw_baseline_std": [
    289.3237962179589,
    289.3237962179589,
    289.3237962179589,
    289.3237962179589,
    289.3237962179589,
    289.3237962179589,
    289.3237962179589,
    289.3237962179589
  ],
  "tfw_hybrid_mean": [
    5749.083333333333,
    6185.5,
    6105.166666666667,
    6316.541666666667,
    6179.166666666667,
    6366.833333333333,
    6095.875,
    3116.4583333333335
  ],
  "tfw_hybrid_std": [
    354.45008438261175,
    484.8499543785372,
    454.23712124708675,
    406.0277329537186,
    753.1138066700819,
    913.4943262319537,
    1407.1054567104584,
    2585.4022642044742
  ],
  "tfw_gated_mean": [
    5600.291666666667,
    5592.833333333333,
    5749.083333333333,
    5640.583333333333,
    5586.208333333333,
    5562.5,
    5538.916666666667,
    5608.083333333333
  ],
  "tfw_gated_std": [
    304.76697857852656,
    256.04511604261336,
    354.45008438261175,
    277.4288654093493,
    351.0824230200412,
    229.00598055604308,
    406.7845190362291,
    310.698640047774
  ],
  "tfw_etc_mean": [
    6965.208333333333,
    6870.708333333333,
    6740.333333333333,
    6469.458333333333,
    6507.166666666667,
    5490.458333333333,
    6762.541666666667,
    6012.583333333333
  ],
  "tfw_etc_std": [
    168.06933847740308,
    974.985550803376,
    687.3764025921895,
    653.348697042809,
    1888.3203409763203,
    2815.8898814185472,
    414.8936981891885,
    1817.6516602393913
  ],
  "convergence_baseline_mean": [
    8000.0,
    8000.0,
    8000.0,
    8000.0,
    8000.0,
    8000.0,
    8000.0,
    8000.0
  ],
  "convergence_hybrid_mean": [
    8000.0,
    8000.0,
    8000.0,
    8000.0,
    7472.416666666667,
    6635.625,
    6214.583333333333,
    3741.4166666666665
  ],
  "theorem1_offline_transfer_rate_gated_mean": [
    NaN,
    0.0,
    0.0,
    0.0,
    0.0,
    0.0,
    0.0,
    0.0
  ],
  "offline_m0_nonempty_rate_gated_mean": [
    NaN,
    0.0,
    0.0,
    0.0,
    0.875,
    0.9583333333333334,
    1.0,
    1.0
  ],
  "c_man_per_noff": {
    "500": {
      "c_man": 8.485281374238571,
      "lhs": 1.1384199576606167,
      "threshold": 0.03795161864251728
    },
    "1000": {
      "c_man": 8.485281374238571,
      "lhs": 0.8049844718999244,
      "threshold": 0.03795161864251728
    },
    "2000": {
      "c_man": 8.485281374238571,
      "lhs": 0.5692099788303083,
      "threshold": 0.03795161864251728
    },
    "4000": {
      "c_man": 8.485281374238571,
      "lhs": 0.4024922359499622,
      "threshold": 0.03795161864251728
    },
    "6000": {
      "c_man": 8.485281374238571,
      "lhs": 0.32863353450309973,
      "threshold": 0.03795161864251728
    },
    "10000": {
      "c_man": 8.48528137423857,
      "lhs": 0.2545584412271571,
      "threshold": 0.03795161864251728
    },
    "15000": {
      "c_man": 8.48528137423857,
      "lhs": 0.20784609690826525,
      "threshold": 0.03795161864251728
    }
  },
  "delta3": 0.15180647457006913
}