{
  "n_off_fixed": 2000,
  "game_seed": 4356,
  "tfw_hybrid_good_mean": 6137.25,
  "tfw_hybrid_good_std": 392.5155494012169,
  "tfw_hybrid_neutral_mean": 6995.791666666667,
  "tfw_hybrid_neutral_std": 426.4475072611814,
  "tfw_hybrid_adversarial_mean": 4753.25,
  "tfw_hybrid_adversarial_std": 796.5353372439046,
  "tfw_gated_good_mean": 5401.625,
  "tfw_gated_good_std": 253.74084905324344,
  "tfw_gated_neutral_mean": 5401.625,
  "tfw_gated_neutral_std": 253.74084905324344,
  "tfw_gated_adversarial_mean": 5401.625,
  "tfw_gated_adversarial_std": 253.74084905324344,
  "tfw_etc_good_mean": 6341.333333333333,
  "tfw_etc_good_std": 1038.1856107261556,
  "tfw_etc_neutral_mean": 6938.958333333333,
  "tfw_etc_neutral_std": 228.7220601452808,
  "tfw_etc_adversarial_mean": 5360.875,
  "tfw_etc_adversarial_std": 1695.0419851796412,
  "tfw_baseline_good_mean": 5583.125,
  "tfw_baseline_good_std": 359.9586102414506,
  "tfw_baseline_neutral_mean": 5583.125,
  "tfw_baseline_neutral_std": 359.9586102414506,
  "tfw_baseline_adversarial_mean": 5583.125,
  "tfw_baseline_adversarial_std": 359.9586102414506
}