{
  "n_off": [
    0,
    1000,
    2000,
    4000,
    8000,
    12000,
    20000,
    30000
  ],
  "reward_model": "Bernoulli",
  "confidence_sets": "regression_Hoeffding",
  "confidence_delta": 0.05,
  "gamma_exp3": 0.01,
  "game_seed": 3043,
  "data_quality": "good",
  "tfw_baseline_mean": [
    10541.833333333334,
    10541.833333333334,
    10541.833333333334,
    10541.833333333334,
    10541.833333333334,
    10541.833333333334,
    10541.833333333334,
    10541.833333333334
  ],
  "tfw_baseline_std": [
    214.17357176033582,
    214.17357176033582,
    214.17357176033582,
    214.17357176033582,
    214.17357176033582,
    214.17357176033582,
    214.17357176033582,
    214.17357176033582
  ],
  "tfw_hybrid_mean": [
    10584.375,
    11136.333333333334,
    10672.041666666666,
    10513.208333333334,
    9272.416666666666,
    5369.166666666667,
    1371.5,
    2911.9583333333335
  ],
  "tfw_hybrid_std": [
    232.7287677701794,
    169.95489597733473,
    1994.0128314786366,
    2780.183665799745,
    4189.314750613774,
    5205.569890421026,
    2147.350966636112,
    2066.1402048298883
  ],
  "tfw_gated_mean": [
    10565.333333333334,
    10575.5,
    10584.375,
    10606.5,
    10575.958333333334,
    10584.0,
    10474.416666666666,
    9704.958333333334
  ],
  "tfw_gated_std": [
    217.09798762743992,
    217.98783372512767,
    232.7287677701794,
    143.46943319351882,
    200.39948779910827,
    153.8409681400272,
    211.6021526697986,
    1338.332365269381
  ],
  "tfw_etc_mean": [
    12000.0,
    11872.958333333334,
    11741.125,
    11408.125,
    9217.916666666666,
    8348.166666666666,
    10184.458333333334,
    9707.625
  ],
  "tfw_etc_std": [
    0.0,
    206.53297013702965,
    387.05929357028805,
    471.54734305171354,
    3303.7725855605513,
    3897.7711988828405,
    997.3495300770576,
    1331.666880022112
  ],
  "convergence_baseline_mean": [
    12000.0,
    12000.0,
    12000.0,
    12000.0,
    12000.0,
    12000.0,
    12000.0,
    12000.0
  ],
  "convergence_hybrid_mean": [
    12000.0,
    12000.0,
    11134.166666666666,
    10500.625,
    7720.958333333333,
    4211.75,
    1061.875,
    3404.7916666666665
  ],
  "theorem1_offline_transfer_rate_gated_mean": [
    NaN,
    0.0,
    0.0,
    0.0,
    0.0,
    0.0,
    0.125,
    1.0
  ],
  "offline_m0_nonempty_rate_gated_mean": [
    NaN,
    0.0,
    0.0,
    0.041666666666666664,
    0.9166666666666666,
    1.0,
    1.0,
    1.0
  ],
  "c_man_per_noff": {
    "1000": {
      "c_man": 11.313708498984761,
      "lhs": 1.4310835055998654,
      "threshold": 0.10124704767032944
    },
    "2000": {
      "c_man": 11.313708498984761,
      "lhs": 1.0119288512538815,
      "threshold": 0.10124704767032944
    },
    "4000": {
      "c_man": 11.313708498984761,
      "lhs": 0.7155417527999327,
      "threshold": 0.10124704767032944
    },
    "8000": {
      "c_man": 11.313708498984761,
      "lhs": 0.5059644256269408,
      "threshold": 0.10124704767032944
    },
    "12000": {
      "c_man": 11.313708498984761,
      "lhs": 0.4131182235954578,
      "threshold": 0.10124704767032944
    },
    "20000": {
      "c_man": 11.313708498984761,
      "lhs": 0.32,
      "threshold": 0.10124704767032944
    },
    "30000": {
      "c_man": 11.313708498984761,
      "lhs": 0.26127890589687236,
      "threshold": 0.10124704767032944
    }
  },
  "delta3": 0.40498819068131775
}