{
  "n_off_fixed": 4000,
  "game_seed": 3043,
  "tfw_hybrid_good_mean": 9645.208333333334,
  "tfw_hybrid_good_std": 3777.635227391851,
  "tfw_hybrid_neutral_mean": 9817.541666666666,
  "tfw_hybrid_neutral_std": 1098.0070871382375,
  "tfw_hybrid_adversarial_mean": 10482.916666666666,
  "tfw_hybrid_adversarial_std": 207.9107075617814,
  "tfw_gated_good_mean": 10460.208333333334,
  "tfw_gated_good_std": 205.66921081037464,
  "tfw_gated_neutral_mean": 10460.208333333334,
  "tfw_gated_neutral_std": 205.66921081037464,
  "tfw_gated_adversarial_mean": 10460.208333333334,
  "tfw_gated_adversarial_std": 205.66921081037464,
  "tfw_etc_good_mean": 11330.25,
  "tfw_etc_good_std": 629.5916723663389,
  "tfw_etc_neutral_mean": 10135.458333333334,
  "tfw_etc_neutral_std": 1805.8275949093902,
  "tfw_etc_adversarial_mean": 10944.625,
  "tfw_etc_adversarial_std": 640.7711938173305,
  "tfw_baseline_good_mean": 10561.0,
  "tfw_baseline_good_std": 146.71445203108863,
  "tfw_baseline_neutral_mean": 10561.0,
  "tfw_baseline_neutral_std": 146.71445203108863,
  "tfw_baseline_adversarial_mean": 10561.0,
  "tfw_baseline_adversarial_std": 146.71445203108863
}