{
  "n_off": [
    0,
    1000,
    2000,
    4000,
    8000,
    12000,
    20000,
    30000
  ],
  "reward_model": "Bernoulli",
  "confidence_sets": "regression_Hoeffding",
  "confidence_delta": 0.05,
  "gamma_exp3": 0.01,
  "game_seed": 8400,
  "data_quality": "good",
  "tfw_baseline_mean": [
    10851.125,
    10851.125,
    10851.125,
    10851.125,
    10851.125,
    10851.125,
    10851.125,
    10851.125
  ],
  "tfw_baseline_std": [
    151.75418123313483,
    151.75418123313483,
    151.75418123313483,
    151.75418123313483,
    151.75418123313483,
    151.75418123313483,
    151.75418123313483,
    151.75418123313483
  ],
  "tfw_hybrid_mean": [
    10882.958333333334,
    11133.375,
    11318.666666666666,
    11484.875,
    10948.041666666666,
    9540.083333333334,
    7194.375,
    6208.416666666667
  ],
  "tfw_hybrid_std": [
    142.21370299250552,
    238.57307922402893,
    116.7187875293384,
    343.23769334156,
    1402.5283219388405,
    1224.8326209222882,
    1810.0694873161758,
    1987.4310032686976
  ],
  "tfw_gated_mean": [
    10878.791666666666,
    10807.25,
    10882.958333333334,
    10861.458333333334,
    10850.125,
    10828.625,
    10877.791666666666,
    10863.166666666666
  ],
  "tfw_gated_std": [
    138.51007785235942,
    125.60298044095997,
    142.21370299250552,
    127.09632744212307,
    130.07934451543494,
    98.01411278151645,
    126.00827411296267,
    160.57604636640755
  ],
  "tfw_etc_mean": [
    11417.916666666666,
    11927.375,
    11694.666666666666,
    11291.0,
    10310.625,
    10075.958333333334,
    10021.5,
    9709.333333333334
  ],
  "tfw_etc_std": [
    47.1666026526938,
    167.296615652247,
    308.9751174259924,
    509.0048261494956,
    260.53937572725516,
    454.2374861683915,
    379.54549478118645,
    428.8710829574564
  ],
  "convergence_baseline_mean": [
    12000.0,
    12000.0,
    12000.0,
    12000.0,
    12000.0,
    12000.0,
    12000.0,
    12000.0
  ],
  "convergence_hybrid_mean": [
    12000.0,
    12000.0,
    12000.0,
    11900.833333333334,
    11499.5,
    10214.666666666666,
    6526.25,
    5282.375
  ],
  "theorem1_offline_transfer_rate_gated_mean": [
    NaN,
    0.0,
    0.0,
    0.0,
    0.0,
    0.0,
    0.0,
    0.0
  ],
  "offline_m0_nonempty_rate_gated_mean": [
    NaN,
    0.0,
    0.0,
    0.125,
    1.0,
    1.0,
    1.0,
    1.0
  ],
  "c_man_per_noff": {
    "1000": {
      "c_man": 11.313708498984761,
      "lhs": 1.4310835055998654,
      "threshold": 0.002721946012081089
    },
    "2000": {
      "c_man": 11.313708498984761,
      "lhs": 1.0119288512538815,
      "threshold": 0.002721946012081089
    },
    "4000": {
      "c_man": 11.313708498984761,
      "lhs": 0.7155417527999327,
      "threshold": 0.002721946012081089
    },
    "8000": {
      "c_man": 11.313708498984761,
      "lhs": 0.5059644256269408,
      "threshold": 0.002721946012081089
    },
    "12000": {
      "c_man": 11.313708498984761,
      "lhs": 0.4131182235954578,
      "threshold": 0.002721946012081089
    },
    "20000": {
      "c_man": 11.313708498984761,
      "lhs": 0.32,
      "threshold": 0.002721946012081089
    },
    "30000": {
      "c_man": 11.313708498984761,
      "lhs": 0.26127890589687236,
      "threshold": 0.002721946012081089
    }
  },
  "delta3": 0.010887784048324356
}