{
  "n_off_fixed": 4000,
  "game_seed": 8400,
  "tfw_hybrid_good_mean": 11469.291666666666,
  "tfw_hybrid_good_std": 314.04672584584085,
  "tfw_hybrid_neutral_mean": 10318.25,
  "tfw_hybrid_neutral_std": 295.4882841788427,
  "tfw_hybrid_adversarial_mean": 10427.791666666666,
  "tfw_hybrid_adversarial_std": 130.70211041397405,
  "tfw_gated_good_mean": 10900.625,
  "tfw_gated_good_std": 121.69770549085604,
  "tfw_gated_neutral_mean": 10900.625,
  "tfw_gated_neutral_std": 121.69770549085604,
  "tfw_gated_adversarial_mean": 10900.625,
  "tfw_gated_adversarial_std": 121.69770549085604,
  "tfw_etc_good_mean": 11422.083333333334,
  "tfw_etc_good_std": 425.80429436708283,
  "tfw_etc_neutral_mean": 10229.458333333334,
  "tfw_etc_neutral_std": 345.4465263050591,
  "tfw_etc_adversarial_mean": 10336.166666666666,
  "tfw_etc_adversarial_std": 1643.4310256995527,
  "tfw_baseline_good_mean": 10867.916666666666,
  "tfw_baseline_good_std": 141.6719777350564,
  "tfw_baseline_neutral_mean": 10867.916666666666,
  "tfw_baseline_neutral_std": 141.6719777350564,
  "tfw_baseline_adversarial_mean": 10867.916666666666,
  "tfw_baseline_adversarial_std": 141.6719777350564
}