{
  "n_off": [
    0,
    500,
    1000,
    2000,
    4000,
    6000,
    10000,
    15000
  ],
  "reward_model": "Bernoulli",
  "confidence_sets": "regression_Hoeffding",
  "confidence_delta": 0.05,
  "gamma_exp3": 0.01,
  "game_seed": 7184,
  "data_quality": "good",
  "tfw_baseline_mean": [
    6607.958333333333,
    6607.958333333333,
    6607.958333333333,
    6607.958333333333,
    6607.958333333333,
    6607.958333333333,
    6607.958333333333,
    6607.958333333333
  ],
  "tfw_baseline_std": [
    442.64309689848784,
    442.64309689848784,
    442.64309689848784,
    442.64309689848784,
    442.64309689848784,
    442.64309689848784,
    442.64309689848784,
    442.64309689848784
  ],
  "tfw_hybrid_mean": [
    6615.0,
    5957.375,
    5586.958333333333,
    2392.1666666666665,
    1559.9583333333333,
    267.5,
    1056.7083333333333,
    1517.375
  ],
  "tfw_hybrid_std": [
    504.7374694269074,
    1462.013317387154,
    1905.2595504839085,
    2847.252583695785,
    2590.6661805524022,
    645.0125714986525,
    996.6732698753679,
    781.850970593112
  ],
  "tfw_gated_mean": [
    6576.25,
    6603.583333333333,
    6615.0,
    6744.208333333333,
    6662.375,
    5771.583333333333,
    4043.375,
    2496.5833333333335
  ],
  "tfw_gated_std": [
    620.7789111444904,
    604.4910123880843,
    504.7374694269074,
    318.9710330540005,
    421.81943514917043,
    2283.8290485910725,
    2777.914025221396,
    2698.9158518490935
  ],
  "tfw_etc_mean": [
    7799.625,
    7712.75,
    7583.791666666667,
    7305.5,
    4099.125,
    2303.4583333333335,
    3561.4166666666665,
    2487.625
  ],
  "tfw_etc_std": [
    16.62583767095269,
    311.34284890650275,
    313.6748495367202,
    384.58718692622364,
    3465.5625343294305,
    3019.7663309998975,
    2586.1780751200954,
    2708.882696234099
  ],
  "convergence_baseline_mean": [
    7917.166666666667,
    7917.166666666667,
    7917.166666666667,
    7917.166666666667,
    7917.166666666667,
    7917.166666666667,
    7917.166666666667,
    7917.166666666667
  ],
  "convergence_hybrid_mean": [
    7889.333333333333,
    6659.0,
    5272.333333333333,
    2683.1666666666665,
    1715.3333333333333,
    272.75,
    229.29166666666666,
    217.70833333333334
  ],
  "theorem1_offline_transfer_rate_gated_mean": [
    NaN,
    0.0,
    0.0,
    0.0,
    0.0,
    0.125,
    0.75,
    1.0
  ],
  "offline_m0_nonempty_rate_gated_mean": [
    NaN,
    0.0,
    0.0,
    0.16666666666666666,
    1.0,
    1.0,
    1.0,
    1.0
  ],
  "c_man_per_noff": {
    "500": {
      "c_man": 8.485281374238571,
      "lhs": 1.1384199576606167,
      "threshold": 0.10900581079484709
    },
    "1000": {
      "c_man": 8.485281374238571,
      "lhs": 0.8049844718999244,
      "threshold": 0.10900581079484709
    },
    "2000": {
      "c_man": 8.485281374238571,
      "lhs": 0.5692099788303083,
      "threshold": 0.10900581079484709
    },
    "4000": {
      "c_man": 8.485281374238571,
      "lhs": 0.4024922359499622,
      "threshold": 0.10900581079484709
    },
    "6000": {
      "c_man": 8.485281374238571,
      "lhs": 0.32863353450309973,
      "threshold": 0.10900581079484709
    },
    "10000": {
      "c_man": 8.48528137423857,
      "lhs": 0.2545584412271571,
      "threshold": 0.10900581079484709
    },
    "15000": {
      "c_man": 8.48528137423857,
      "lhs": 0.20784609690826525,
      "threshold": 0.10900581079484709
    }
  },
  "delta3": 0.43602324317938834
}