{
  "n_off_fixed": 2000,
  "game_seed": 7184,
  "tfw_hybrid_good_mean": 3584.4166666666665,
  "tfw_hybrid_good_std": 2932.942770853439,
  "tfw_hybrid_neutral_mean": 5642.333333333333,
  "tfw_hybrid_neutral_std": 1237.167440309645,
  "tfw_hybrid_adversarial_mean": 5956.583333333333,
  "tfw_hybrid_adversarial_std": 577.3053533568633,
  "tfw_gated_good_mean": 6517.791666666667,
  "tfw_gated_good_std": 598.7235682949887,
  "tfw_gated_neutral_mean": 6517.791666666667,
  "tfw_gated_neutral_std": 598.7235682949887,
  "tfw_gated_adversarial_mean": 6517.791666666667,
  "tfw_gated_adversarial_std": 598.7235682949887,
  "tfw_etc_good_mean": 7225.458333333333,
  "tfw_etc_good_std": 496.91894004054075,
  "tfw_etc_neutral_mean": 6647.166666666667,
  "tfw_etc_neutral_std": 1422.140599258024,
  "tfw_etc_adversarial_mean": 6913.333333333333,
  "tfw_etc_adversarial_std": 435.2761908476509,
  "tfw_baseline_good_mean": 6618.708333333333,
  "tfw_baseline_good_std": 452.1582523242582,
  "tfw_baseline_neutral_mean": 6618.708333333333,
  "tfw_baseline_neutral_std": 452.1582523242582,
  "tfw_baseline_adversarial_mean": 6618.708333333333,
  "tfw_baseline_adversarial_std": 452.1582523242582
}