{
  "n_off": [
    0,
    1000,
    2000,
    4000,
    8000,
    12000,
    20000,
    30000
  ],
  "reward_model": "Bernoulli",
  "confidence_sets": "regression_Hoeffding",
  "confidence_delta": 0.05,
  "gamma_exp3": 0.01,
  "game_seed": 1603,
  "data_quality": "good",
  "tfw_baseline_mean": [
    6865.75,
    6865.75,
    6865.75,
    6865.75,
    6865.75,
    6865.75,
    6865.75,
    6865.75
  ],
  "tfw_baseline_std": [
    768.7127721632811,
    768.7127721632811,
    768.7127721632811,
    768.7127721632811,
    768.7127721632811,
    768.7127721632811,
    768.7127721632811,
    768.7127721632811
  ],
  "tfw_hybrid_mean": [
    6829.291666666667,
    5763.541666666667,
    4673.541666666667,
    5068.416666666667,
    2707.3333333333335,
    3356.5416666666665,
    3804.625,
    3737.0833333333335
  ],
  "tfw_hybrid_std": [
    674.4848906785261,
    2544.323604985038,
    3372.4036065015894,
    3253.2892374209273,
    2316.163726034302,
    1703.8079596614748,
    429.2767236116846,
    350.9898941523836
  ],
  "tfw_gated_mean": [
    6898.0,
    7120.666666666667,
    6829.291666666667,
    6965.333333333333,
    7167.958333333333,
    9594.041666666666,
    10075.875,
    10072.583333333334
  ],
  "tfw_gated_std": [
    709.1452908101843,
    873.8246101337284,
    674.4848906785261,
    720.909731228335,
    744.1901042286737,
    1284.223923287885,
    293.18629075547943,
    441.08758044541264
  ],
  "tfw_etc_mean": [
    12000.0,
    10559.166666666666,
    9398.833333333334,
    6087.041666666667,
    9556.333333333334,
    10249.458333333334,
    10122.5,
    10081.625
  ],
  "tfw_etc_std": [
    0.0,
    2472.4921887011915,
    2674.2745406634263,
    4546.487095685182,
    2663.778921931687,
    447.40925523134484,
    322.4394786487913,
    371.9760175181938
  ],
  "convergence_baseline_mean": [
    11190.291666666666,
    11190.291666666666,
    11190.291666666666,
    11190.291666666666,
    11190.291666666666,
    11190.291666666666,
    11190.291666666666,
    11190.291666666666
  ],
  "convergence_hybrid_mean": [
    11205.666666666666,
    8580.208333333334,
    6438.458333333333,
    7079.458333333333,
    1595.25,
    1326.8333333333333,
    3030.5416666666665,
    3288.4166666666665
  ],
  "theorem1_offline_transfer_rate_gated_mean": [
    NaN,
    0.0,
    0.0,
    0.0,
    0.0,
    0.7916666666666666,
    1.0,
    1.0
  ],
  "offline_m0_nonempty_rate_gated_mean": [
    NaN,
    0.0,
    0.0,
    0.7916666666666666,
    1.0,
    1.0,
    1.0,
    1.0
  ],
  "c_man_per_noff": {
    "1000": {
      "c_man": 11.313708498984761,
      "lhs": 1.4310835055998654,
      "threshold": 0.15298282479022152
    },
    "2000": {
      "c_man": 11.313708498984761,
      "lhs": 1.0119288512538815,
      "threshold": 0.15298282479022152
    },
    "4000": {
      "c_man": 11.313708498984761,
      "lhs": 0.7155417527999327,
      "threshold": 0.15298282479022152
    },
    "8000": {
      "c_man": 11.313708498984761,
      "lhs": 0.5059644256269408,
      "threshold": 0.15298282479022152
    },
    "12000": {
      "c_man": 11.313708498984761,
      "lhs": 0.4131182235954578,
      "threshold": 0.15298282479022152
    },
    "20000": {
      "c_man": 11.313708498984761,
      "lhs": 0.32,
      "threshold": 0.15298282479022152
    },
    "30000": {
      "c_man": 11.313708498984761,
      "lhs": 0.26127890589687236,
      "threshold": 0.15298282479022152
    }
  },
  "delta3": 0.6119312991608861
}