{
  "n_off_fixed": 4000,
  "game_seed": 1603,
  "tfw_hybrid_good_mean": 3620.1666666666665,
  "tfw_hybrid_good_std": 3045.626753041249,
  "tfw_hybrid_neutral_mean": 8405.208333333334,
  "tfw_hybrid_neutral_std": 3800.7526368976,
  "tfw_hybrid_adversarial_mean": 5959.583333333333,
  "tfw_hybrid_adversarial_std": 708.8596424918145,
  "tfw_gated_good_mean": 7327.791666666667,
  "tfw_gated_good_std": 516.1336176145514,
  "tfw_gated_neutral_mean": 7327.791666666667,
  "tfw_gated_neutral_std": 516.1336176145514,
  "tfw_gated_adversarial_mean": 7327.791666666667,
  "tfw_gated_adversarial_std": 516.1336176145514,
  "tfw_etc_good_mean": 6852.916666666667,
  "tfw_etc_good_std": 4036.375127099396,
  "tfw_etc_neutral_mean": 2717.5,
  "tfw_etc_neutral_std": 4006.734396205859,
  "tfw_etc_adversarial_mean": 8475.375,
  "tfw_etc_adversarial_std": 1000.4196863881895,
  "tfw_baseline_good_mean": 7052.75,
  "tfw_baseline_good_std": 804.9398708302217,
  "tfw_baseline_neutral_mean": 7052.75,
  "tfw_baseline_neutral_std": 804.9398708302217,
  "tfw_baseline_adversarial_mean": 7052.75,
  "tfw_baseline_adversarial_std": 804.9398708302217
}