{
  "n_off": [
    0,
    1000,
    2000,
    4000,
    8000,
    12000,
    20000,
    30000
  ],
  "reward_model": "Bernoulli",
  "confidence_sets": "regression_Hoeffding",
  "confidence_delta": 0.05,
  "gamma_exp3": 0.01,
  "game_seed": 9011,
  "data_quality": "good",
  "tfw_baseline_mean": [
    11343.5,
    11343.5,
    11343.5,
    11343.5,
    11343.5,
    11343.5,
    11343.5,
    11343.5
  ],
  "tfw_baseline_std": [
    61.583453452452915,
    61.583453452452915,
    61.583453452452915,
    61.583453452452915,
    61.583453452452915,
    61.583453452452915,
    61.583453452452915,
    61.583453452452915
  ],
  "tfw_hybrid_mean": [
    11329.416666666666,
    11589.416666666666,
    11366.541666666666,
    11337.916666666666,
    10405.333333333334,
    10116.833333333334,
    4640.416666666667,
    4667.833333333333
  ],
  "tfw_hybrid_std": [
    84.40580892160293,
    315.25985371169423,
    1260.2427295242933,
    1175.9555195916091,
    2130.673126271248,
    2319.9366870421395,
    1394.8708812511354,
    791.6665232646704
  ],
  "tfw_gated_mean": [
    11319.875,
    11336.75,
    11329.416666666666,
    11311.583333333334,
    11354.333333333334,
    11328.375,
    11360.625,
    11341.833333333334
  ],
  "tfw_gated_std": [
    71.96998921652057,
    76.28051777029538,
    84.40580892160293,
    77.61830614794015,
    63.35384869861922,
    84.75889718592327,
    60.65498474085245,
    71.84141149641411
  ],
  "tfw_etc_mean": [
    11371.041666666666,
    11938.291666666666,
    11857.458333333334,
    11670.833333333334,
    10729.458333333334,
    10566.833333333334,
    10085.75,
    9790.833333333334
  ],
  "tfw_etc_std": [
    53.89319483270001,
    121.81257133905304,
    246.6283913214314,
    257.0018891263112,
    495.62292637137716,
    573.7535955493413,
    555.4583105711973,
    481.27834002758755
  ],
  "convergence_baseline_mean": [
    12000.0,
    12000.0,
    12000.0,
    12000.0,
    12000.0,
    12000.0,
    12000.0,
    12000.0
  ],
  "convergence_hybrid_mean": [
    12000.0,
    12000.0,
    11227.833333333334,
    10751.333333333334,
    7974.666666666667,
    9233.541666666666,
    3434.2083333333335,
    3621.125
  ],
  "theorem1_offline_transfer_rate_gated_mean": [
    NaN,
    0.0,
    0.0,
    0.0,
    0.0,
    0.0,
    0.0,
    0.0
  ],
  "offline_m0_nonempty_rate_gated_mean": [
    NaN,
    0.0,
    0.0,
    0.0,
    1.0,
    1.0,
    1.0,
    1.0
  ],
  "c_man_per_noff": {
    "1000": {
      "c_man": 11.313708498984761,
      "lhs": 1.4310835055998654,
      "threshold": 0.027064994257308683
    },
    "2000": {
      "c_man": 11.313708498984761,
      "lhs": 1.0119288512538815,
      "threshold": 0.027064994257308683
    },
    "4000": {
      "c_man": 11.313708498984761,
      "lhs": 0.7155417527999327,
      "threshold": 0.027064994257308683
    },
    "8000": {
      "c_man": 11.313708498984761,
      "lhs": 0.5059644256269408,
      "threshold": 0.027064994257308683
    },
    "12000": {
      "c_man": 11.313708498984761,
      "lhs": 0.4131182235954578,
      "threshold": 0.027064994257308683
    },
    "20000": {
      "c_man": 11.313708498984761,
      "lhs": 0.32,
      "threshold": 0.027064994257308683
    },
    "30000": {
      "c_man": 11.313708498984761,
      "lhs": 0.26127890589687236,
      "threshold": 0.027064994257308683
    }
  },
  "delta3": 0.10825997702923473
}