{
  "n_off_fixed": 4000,
  "game_seed": 9011,
  "tfw_hybrid_good_mean": 11317.583333333334,
  "tfw_hybrid_good_std": 1273.638161593263,
  "tfw_hybrid_neutral_mean": 8433.541666666666,
  "tfw_hybrid_neutral_std": 1337.4121337791541,
  "tfw_hybrid_adversarial_mean": 11297.583333333334,
  "tfw_hybrid_adversarial_std": 66.52486731301681,
  "tfw_gated_good_mean": 11372.541666666666,
  "tfw_gated_good_std": 80.74435189113132,
  "tfw_gated_neutral_mean": 11372.541666666666,
  "tfw_gated_neutral_std": 80.74435189113132,
  "tfw_gated_adversarial_mean": 11372.541666666666,
  "tfw_gated_adversarial_std": 80.74435189113132,
  "tfw_etc_good_mean": 11556.875,
  "tfw_etc_good_std": 393.8461752799038,
  "tfw_etc_neutral_mean": 10514.25,
  "tfw_etc_neutral_std": 547.8579036654447,
  "tfw_etc_adversarial_mean": 11265.833333333334,
  "tfw_etc_adversarial_std": 580.6826317710731,
  "tfw_baseline_good_mean": 11356.416666666666,
  "tfw_baseline_good_std": 65.29792370803004,
  "tfw_baseline_neutral_mean": 11356.416666666666,
  "tfw_baseline_neutral_std": 65.29792370803004,
  "tfw_baseline_adversarial_mean": 11356.416666666666,
  "tfw_baseline_adversarial_std": 65.29792370803004
}