{
  "n_off": [
    0,
    1000,
    2000,
    4000,
    8000,
    12000,
    20000,
    30000
  ],
  "reward_model": "Bernoulli",
  "confidence_sets": "regression_Hoeffding",
  "confidence_delta": 0.05,
  "gamma_exp3": 0.01,
  "game_seed": 8001,
  "data_quality": "good",
  "tfw_baseline_mean": [
    6265.75,
    6265.75,
    6265.75,
    6265.75,
    6265.75,
    6265.75,
    6265.75,
    6265.75
  ],
  "tfw_baseline_std": [
    681.8260169510286,
    681.8260169510286,
    681.8260169510286,
    681.8260169510286,
    681.8260169510286,
    681.8260169510286,
    681.8260169510286,
    681.8260169510286
  ],
  "tfw_hybrid_mean": [
    6284.333333333333,
    5537.375,
    5078.958333333333,
    3450.25,
    1850.625,
    3466.7916666666665,
    3852.2916666666665,
    4058.1666666666665
  ],
  "tfw_hybrid_std": [
    777.3809802187066,
    2330.9722698535234,
    2738.971252117761,
    3166.9444092538706,
    1720.0794423640666,
    725.5386592143059,
    524.9693555583624,
    485.6085976843156
  ],
  "tfw_gated_mean": [
    6073.541666666667,
    6398.375,
    6284.333333333333,
    6026.875,
    8719.041666666666,
    10764.625,
    10857.541666666666,
    10610.875
  ],
  "tfw_gated_std": [
    672.9546130549104,
    808.9134318438478,
    777.3809802187066,
    909.7573643321178,
    2708.2422581119267,
    252.8821365774973,
    339.3383561101459,
    237.9454289830192
  ],
  "tfw_etc_mean": [
    12000.0,
    8133.708333333333,
    7835.25,
    4089.5833333333335,
    10834.291666666666,
    10769.958333333334,
    10840.416666666666,
    10620.541666666666
  ],
  "tfw_etc_std": [
    0.0,
    2451.014847118863,
    2631.1612290096323,
    4058.802124815374,
    414.09203757100926,
    242.21989276125808,
    330.3652677642242,
    251.49656046860014
  ],
  "convergence_baseline_mean": [
    11079.666666666666,
    11079.666666666666,
    11079.666666666666,
    11079.666666666666,
    11079.666666666666,
    11079.666666666666,
    11079.666666666666,
    11079.666666666666
  ],
  "convergence_hybrid_mean": [
    11020.041666666666,
    8395.708333333334,
    7457.208333333333,
    4901.5,
    1690.2916666666667,
    2579.375,
    3408.5416666666665,
    3637.75
  ],
  "theorem1_offline_transfer_rate_gated_mean": [
    NaN,
    0.0,
    0.0,
    0.0,
    0.5833333333333334,
    1.0,
    1.0,
    1.0
  ],
  "offline_m0_nonempty_rate_gated_mean": [
    NaN,
    0.0,
    0.041666666666666664,
    0.8333333333333334,
    1.0,
    1.0,
    1.0,
    1.0
  ],
  "c_man_per_noff": {
    "1000": {
      "c_man": 11.313708498984761,
      "lhs": 1.4310835055998654,
      "threshold": 0.1697059494792751
    },
    "2000": {
      "c_man": 11.313708498984761,
      "lhs": 1.0119288512538815,
      "threshold": 0.1697059494792751
    },
    "4000": {
      "c_man": 11.313708498984761,
      "lhs": 0.7155417527999327,
      "threshold": 0.1697059494792751
    },
    "8000": {
      "c_man": 11.313708498984761,
      "lhs": 0.5059644256269408,
      "threshold": 0.1697059494792751
    },
    "12000": {
      "c_man": 11.313708498984761,
      "lhs": 0.4131182235954578,
      "threshold": 0.1697059494792751
    },
    "20000": {
      "c_man": 11.313708498984761,
      "lhs": 0.32,
      "threshold": 0.1697059494792751
    },
    "30000": {
      "c_man": 11.313708498984761,
      "lhs": 0.26127890589687236,
      "threshold": 0.1697059494792751
    }
  },
  "delta3": 0.6788237979171003
}