{
  "n_off_fixed": 4000,
  "game_seed": 8001,
  "tfw_hybrid_good_mean": 2712.875,
  "tfw_hybrid_good_std": 2830.5514950808347,
  "tfw_hybrid_neutral_mean": 7415.083333333333,
  "tfw_hybrid_neutral_std": 2975.717683498228,
  "tfw_hybrid_adversarial_mean": 5021.541666666667,
  "tfw_hybrid_adversarial_std": 639.8573875866991,
  "tfw_gated_good_mean": 6349.791666666667,
  "tfw_gated_good_std": 957.2952376886919,
  "tfw_gated_neutral_mean": 6349.791666666667,
  "tfw_gated_neutral_std": 957.2952376886919,
  "tfw_gated_adversarial_mean": 6349.791666666667,
  "tfw_gated_adversarial_std": 957.2952376886919,
  "tfw_etc_good_mean": 2680.25,
  "tfw_etc_good_std": 3048.172813342446,
  "tfw_etc_neutral_mean": 1423.0,
  "tfw_etc_neutral_std": 2828.3432852343853,
  "tfw_etc_adversarial_mean": 7405.5,
  "tfw_etc_adversarial_std": 884.315112045081,
  "tfw_baseline_good_mean": 6226.041666666667,
  "tfw_baseline_good_std": 1041.1259991060124,
  "tfw_baseline_neutral_mean": 6226.041666666667,
  "tfw_baseline_neutral_std": 1041.1259991060124,
  "tfw_baseline_adversarial_mean": 6226.041666666667,
  "tfw_baseline_adversarial_std": 1041.1259991060124
}