{
  "n_off": [
    0,
    500,
    1000,
    2000,
    4000,
    6000,
    10000,
    15000
  ],
  "reward_model": "Bernoulli",
  "confidence_sets": "regression_Hoeffding",
  "confidence_delta": 0.05,
  "gamma_exp3": 0.01,
  "game_seed": 737,
  "data_quality": "good",
  "tfw_baseline_mean": [
    5827.666666666667,
    5827.666666666667,
    5827.666666666667,
    5827.666666666667,
    5827.666666666667,
    5827.666666666667,
    5827.666666666667,
    5827.666666666667
  ],
  "tfw_baseline_std": [
    360.9088366967441,
    360.9088366967441,
    360.9088366967441,
    360.9088366967441,
    360.9088366967441,
    360.9088366967441,
    360.9088366967441,
    360.9088366967441
  ],
  "tfw_hybrid_mean": [
    5802.0,
    6094.541666666667,
    5505.875,
    3560.2916666666665,
    2017.7083333333333,
    1864.3333333333333,
    73.875,
    301.0833333333333
  ],
  "tfw_hybrid_std": [
    353.9495174026449,
    393.20721157156316,
    1072.5419344188629,
    2767.737680444739,
    2886.715396570487,
    2970.5156142482665,
    165.18956501941747,
    266.2290476208437
  ],
  "tfw_gated_mean": [
    5775.958333333333,
    5664.416666666667,
    5802.0,
    5775.0,
    5684.208333333333,
    5688.458333333333,
    4701.666666666667,
    4347.125
  ],
  "tfw_gated_std": [
    360.8818280830717,
    323.2119935176032,
    353.9495174026449,
    395.37137192661083,
    323.2639222149559,
    268.0948857282122,
    2077.008439552188,
    2304.8983437453376
  ],
  "tfw_etc_mean": [
    3211.7083333333335,
    7457.25,
    6326.458333333333,
    5920.875,
    970.5416666666666,
    852.4583333333334,
    3860.6666666666665,
    4366.125
  ],
  "tfw_etc_std": [
    298.8506212819035,
    992.0039993783334,
    2217.7121775686387,
    2549.753002743599,
    2030.6765199369365,
    1682.3812569808847,
    2486.2664984770386,
    2324.125610473941
  ],
  "convergence_baseline_mean": [
    8000.0,
    8000.0,
    8000.0,
    8000.0,
    8000.0,
    8000.0,
    8000.0,
    8000.0
  ],
  "convergence_hybrid_mean": [
    8000.0,
    8000.0,
    7077.25,
    4468.375,
    2492.7916666666665,
    2476.4166666666665,
    204.875,
    225.16666666666666
  ],
  "theorem1_offline_transfer_rate_gated_mean": [
    NaN,
    0.0,
    0.0,
    0.0,
    0.0,
    0.0,
    0.7083333333333334,
    0.9583333333333334
  ],
  "offline_m0_nonempty_rate_gated_mean": [
    NaN,
    0.0,
    0.08333333333333333,
    0.125,
    0.9583333333333334,
    1.0,
    1.0,
    1.0
  ],
  "c_man_per_noff": {
    "500": {
      "c_man": 8.485281374238571,
      "lhs": 1.1384199576606167,
      "threshold": 0.10666352619946165
    },
    "1000": {
      "c_man": 8.485281374238571,
      "lhs": 0.8049844718999244,
      "threshold": 0.10666352619946165
    },
    "2000": {
      "c_man": 8.485281374238571,
      "lhs": 0.5692099788303083,
      "threshold": 0.10666352619946165
    },
    "4000": {
      "c_man": 8.485281374238571,
      "lhs": 0.4024922359499622,
      "threshold": 0.10666352619946165
    },
    "6000": {
      "c_man": 8.485281374238571,
      "lhs": 0.32863353450309973,
      "threshold": 0.10666352619946165
    },
    "10000": {
      "c_man": 8.48528137423857,
      "lhs": 0.2545584412271571,
      "threshold": 0.10666352619946165
    },
    "15000": {
      "c_man": 8.48528137423857,
      "lhs": 0.20784609690826525,
      "threshold": 0.10666352619946165
    }
  },
  "delta3": 0.4266541047978466
}