{
  "n_off_fixed": 2000,
  "game_seed": 737,
  "tfw_hybrid_good_mean": 2294.9166666666665,
  "tfw_hybrid_good_std": 2636.5367421588544,
  "tfw_hybrid_neutral_mean": 5438.916666666667,
  "tfw_hybrid_neutral_std": 364.2068113713352,
  "tfw_hybrid_adversarial_mean": 5091.75,
  "tfw_hybrid_adversarial_std": 340.88404888262033,
  "tfw_gated_good_mean": 5636.75,
  "tfw_gated_good_std": 336.39498652108614,
  "tfw_gated_neutral_mean": 5636.75,
  "tfw_gated_neutral_std": 336.39498652108614,
  "tfw_gated_adversarial_mean": 5636.75,
  "tfw_gated_adversarial_std": 336.39498652108614,
  "tfw_etc_good_mean": 3067.5,
  "tfw_etc_good_std": 3404.962516552926,
  "tfw_etc_neutral_mean": 6870.333333333333,
  "tfw_etc_neutral_std": 452.666752043705,
  "tfw_etc_adversarial_mean": 5049.625,
  "tfw_etc_adversarial_std": 1543.888422767825,
  "tfw_baseline_good_mean": 5795.166666666667,
  "tfw_baseline_good_std": 318.6065676151957,
  "tfw_baseline_neutral_mean": 5795.166666666667,
  "tfw_baseline_neutral_std": 318.6065676151957,
  "tfw_baseline_adversarial_mean": 5795.166666666667,
  "tfw_baseline_adversarial_std": 318.6065676151957
}