{
  "n_off": [
    0,
    200,
    500,
    1000,
    2000,
    3000,
    5000,
    8000
  ],
  "reward_model": "Bernoulli",
  "confidence_sets": "regression_Hoeffding",
  "confidence_delta": 0.05,
  "gamma_exp3": 0.01,
  "game_seed": 4356,
  "data_quality": "good",
  "tfw_baseline_mean": [
    2446.2916666666665,
    2446.2916666666665,
    2446.2916666666665,
    2446.2916666666665,
    2446.2916666666665,
    2446.2916666666665,
    2446.2916666666665,
    2446.2916666666665
  ],
  "tfw_baseline_std": [
    221.50384807073877,
    221.50384807073877,
    221.50384807073877,
    221.50384807073877,
    221.50384807073877,
    221.50384807073877,
    221.50384807073877,
    221.50384807073877
  ],
  "tfw_hybrid_mean": [
    2490.25,
    2611.875,
    2430.25,
    976.9583333333334,
    244.45833333333334,
    410.4583333333333,
    191.375,
    10.666666666666666
  ],
  "tfw_hybrid_std": [
    300.47820582184164,
    312.89494173798556,
    653.6851555670327,
    1072.7194811062805,
    691.4803891819266,
    868.8000209767926,
    640.357835595611,
    37.0307353737249
  ],
  "tfw_gated_mean": [
    2574.375,
    2578.1666666666665,
    2490.25,
    2475.1666666666665,
    2218.75,
    949.125,
    210.5,
    83.41666666666667
  ],
  "tfw_gated_std": [
    283.4325028920504,
    224.10356042932798,
    300.47820582184164,
    250.20212119259773,
    718.093384383711,
    1029.8511632649938,
    622.4495788904268,
    229.49754505964938
  ],
  "tfw_etc_mean": [
    3005.2083333333335,
    2476.25,
    2601.9166666666665,
    1525.8333333333333,
    606.125,
    293.5,
    133.41666666666666,
    70.66666666666667
  ],
  "tfw_etc_std": [
    259.79540096452604,
    649.4105186545182,
    953.2675575261563,
    1346.232639197468,
    1083.624646729669,
    330.6297022349928,
    271.0772257472778,
    191.04260090963697
  ],
  "convergence_baseline_mean": [
    5000.0,
    5000.0,
    5000.0,
    5000.0,
    5000.0,
    5000.0,
    5000.0,
    5000.0
  ],
  "convergence_hybrid_mean": [
    4897.458333333333,
    5000.0,
    4535.666666666667,
    1815.5,
    662.2083333333334,
    997.4166666666666,
    404.875,
    224.0
  ],
  "theorem1_offline_transfer_rate_gated_mean": [
    NaN,
    0.0,
    0.0,
    0.0,
    0.16666666666666666,
    0.7083333333333334,
    0.9583333333333334,
    1.0
  ],
  "offline_m0_nonempty_rate_gated_mean": [
    NaN,
    0.0,
    0.08333333333333333,
    0.5,
    0.8333333333333334,
    1.0,
    1.0,
    1.0
  ],
  "c_man_per_noff": {
    "200": {
      "c_man": 5.656854249492381,
      "lhs": 0.8,
      "threshold": 0.10409901326486917
    },
    "500": {
      "c_man": 5.656854249492381,
      "lhs": 0.5059644256269408,
      "threshold": 0.10409901326486917
    },
    "1000": {
      "c_man": 5.656854249492381,
      "lhs": 0.35777087639996635,
      "threshold": 0.10409901326486917
    },
    "2000": {
      "c_man": 5.656854249492381,
      "lhs": 0.2529822128134704,
      "threshold": 0.10409901326486917
    },
    "3000": {
      "c_man": 5.656854249492381,
      "lhs": 0.2065591117977289,
      "threshold": 0.10409901326486917
    },
    "5000": {
      "c_man": 5.656854249492381,
      "lhs": 0.16,
      "threshold": 0.10409901326486917
    },
    "8000": {
      "c_man": 5.656854249492381,
      "lhs": 0.1264911064067352,
      "threshold": 0.10409901326486917
    }
  },
  "delta3": 0.4163960530594767
}