{
  "n_off_fixed": 1000,
  "game_seed": 4356,
  "tfw_hybrid_good_mean": 1635.1666666666667,
  "tfw_hybrid_good_std": 1206.3844533461804,
  "tfw_hybrid_neutral_mean": 3278.1666666666665,
  "tfw_hybrid_neutral_std": 1325.7319771968687,
  "tfw_hybrid_adversarial_mean": 2539.5,
  "tfw_hybrid_adversarial_std": 261.08336166659575,
  "tfw_gated_good_mean": 2503.3333333333335,
  "tfw_gated_good_std": 201.28687437858795,
  "tfw_gated_neutral_mean": 2503.3333333333335,
  "tfw_gated_neutral_std": 201.28687437858795,
  "tfw_gated_adversarial_mean": 2503.3333333333335,
  "tfw_gated_adversarial_std": 201.28687437858795,
  "tfw_etc_good_mean": 1605.7916666666667,
  "tfw_etc_good_std": 1283.5494258590857,
  "tfw_etc_neutral_mean": 2089.9166666666665,
  "tfw_etc_neutral_std": 2147.7854503138133,
  "tfw_etc_adversarial_mean": 3011.7916666666665,
  "tfw_etc_adversarial_std": 715.0606528951517,
  "tfw_baseline_good_mean": 2593.9166666666665,
  "tfw_baseline_good_std": 284.0774414726083,
  "tfw_baseline_neutral_mean": 2593.9166666666665,
  "tfw_baseline_neutral_std": 284.0774414726083,
  "tfw_baseline_adversarial_mean": 2593.9166666666665,
  "tfw_baseline_adversarial_std": 284.0774414726083
}