{
  "n_off": [
    0,
    500,
    1000,
    2000,
    4000,
    6000,
    10000,
    15000
  ],
  "reward_model": "Bernoulli",
  "confidence_sets": "regression_Hoeffding",
  "confidence_delta": 0.05,
  "gamma_exp3": 0.01,
  "game_seed": 8001,
  "data_quality": "good",
  "tfw_baseline_mean": [
    6930.166666666667,
    6930.166666666667,
    6930.166666666667,
    6930.166666666667,
    6930.166666666667,
    6930.166666666667,
    6930.166666666667,
    6930.166666666667
  ],
  "tfw_baseline_std": [
    626.3651988407726,
    626.3651988407726,
    626.3651988407726,
    626.3651988407726,
    626.3651988407726,
    626.3651988407726,
    626.3651988407726,
    626.3651988407726
  ],
  "tfw_hybrid_mean": [
    6497.583333333333,
    5336.5,
    5123.208333333333,
    5409.208333333333,
    4063.9166666666665,
    1921.5833333333333,
    1357.7916666666667,
    1292.875
  ],
  "tfw_hybrid_std": [
    959.6989526461645,
    1310.9563717743058,
    1104.7024773240064,
    1445.861379463186,
    1055.3254563595915,
    1285.3666002745867,
    160.5195312961517,
    240.16105329911244
  ],
  "tfw_gated_mean": [
    6456.208333333333,
    6638.791666666667,
    6497.583333333333,
    6489.083333333333,
    6315.958333333333,
    6869.291666666667,
    6532.666666666667,
    6839.75
  ],
  "tfw_gated_std": [
    1187.113670948837,
    1096.181989776399,
    959.6989526461645,
    973.1228492385454,
    1140.0515426626712,
    902.4587418808139,
    1135.0124943448159,
    822.4322490927907
  ],
  "tfw_etc_mean": [
    7360.375,
    7648.791666666667,
    7746.875,
    7264.5,
    6950.708333333333,
    6803.958333333333,
    6809.375,
    5417.75
  ],
  "tfw_etc_std": [
    74.58278884102114,
    303.67258958731634,
    328.1264751519636,
    359.0085381084726,
    292.9197069337345,
    284.95193784927653,
    233.67141785365862,
    1752.0626167587384
  ],
  "convergence_baseline_mean": [
    7606.791666666667,
    7606.791666666667,
    7606.791666666667,
    7606.791666666667,
    7606.791666666667,
    7606.791666666667,
    7606.791666666667,
    7606.791666666667
  ],
  "convergence_hybrid_mean": [
    6845.125,
    4766.041666666667,
    3787.25,
    4794.541666666667,
    1443.0416666666667,
    817.7916666666666,
    569.5833333333334,
    860.5
  ],
  "theorem1_offline_transfer_rate_gated_mean": [
    NaN,
    0.0,
    0.0,
    0.0,
    0.0,
    0.0,
    0.041666666666666664,
    0.0
  ],
  "offline_m0_nonempty_rate_gated_mean": [
    NaN,
    0.0,
    0.041666666666666664,
    0.7083333333333334,
    1.0,
    1.0,
    1.0,
    1.0
  ],
  "c_man_per_noff": {
    "500": {
      "c_man": 8.485281374238571,
      "lhs": 1.1384199576606167,
      "threshold": 0.04983094588301529
    },
    "1000": {
      "c_man": 8.485281374238571,
      "lhs": 0.8049844718999244,
      "threshold": 0.04983094588301529
    },
    "2000": {
      "c_man": 8.485281374238571,
      "lhs": 0.5692099788303083,
      "threshold": 0.04983094588301529
    },
    "4000": {
      "c_man": 8.485281374238571,
      "lhs": 0.4024922359499622,
      "threshold": 0.04983094588301529
    },
    "6000": {
      "c_man": 8.485281374238571,
      "lhs": 0.32863353450309973,
      "threshold": 0.04983094588301529
    },
    "10000": {
      "c_man": 8.48528137423857,
      "lhs": 0.2545584412271571,
      "threshold": 0.04983094588301529
    },
    "15000": {
      "c_man": 8.48528137423857,
      "lhs": 0.20784609690826525,
      "threshold": 0.04983094588301529
    }
  },
  "delta3": 0.19932378353206115
}