{
  "n_off_fixed": 2000,
  "game_seed": 8001,
  "tfw_hybrid_good_mean": 5363.375,
  "tfw_hybrid_good_std": 1279.2606496655046,
  "tfw_hybrid_neutral_mean": 5272.625,
  "tfw_hybrid_neutral_std": 1839.5569365545844,
  "tfw_hybrid_adversarial_mean": 5897.25,
  "tfw_hybrid_adversarial_std": 1480.7912470673589,
  "tfw_gated_good_mean": 6369.916666666667,
  "tfw_gated_good_std": 1206.1657149347507,
  "tfw_gated_neutral_mean": 6369.916666666667,
  "tfw_gated_neutral_std": 1206.1657149347507,
  "tfw_gated_adversarial_mean": 6369.916666666667,
  "tfw_gated_adversarial_std": 1206.1657149347507,
  "tfw_etc_good_mean": 7303.083333333333,
  "tfw_etc_good_std": 219.04018227091433,
  "tfw_etc_neutral_mean": 6948.666666666667,
  "tfw_etc_neutral_std": 226.42412428443,
  "tfw_etc_adversarial_mean": 7398.416666666667,
  "tfw_etc_adversarial_std": 495.73256435533756,
  "tfw_baseline_good_mean": 6701.041666666667,
  "tfw_baseline_good_std": 939.9636662342751,
  "tfw_baseline_neutral_mean": 6701.041666666667,
  "tfw_baseline_neutral_std": 939.9636662342751,
  "tfw_baseline_adversarial_mean": 6701.041666666667,
  "tfw_baseline_adversarial_std": 939.9636662342751
}