{
  "n_off": [
    0,
    500,
    1000,
    2000,
    4000,
    6000,
    10000,
    15000
  ],
  "reward_model": "Bernoulli",
  "confidence_sets": "regression_Hoeffding",
  "confidence_delta": 0.05,
  "gamma_exp3": 0.01,
  "game_seed": 9134,
  "data_quality": "good",
  "tfw_baseline_mean": [
    7066.666666666667,
    7066.666666666667,
    7066.666666666667,
    7066.666666666667,
    7066.666666666667,
    7066.666666666667,
    7066.666666666667,
    7066.666666666667
  ],
  "tfw_baseline_std": [
    137.11584016147955,
    137.11584016147955,
    137.11584016147955,
    137.11584016147955,
    137.11584016147955,
    137.11584016147955,
    137.11584016147955,
    137.11584016147955
  ],
  "tfw_hybrid_mean": [
    7016.125,
    6794.25,
    6335.541666666667,
    5746.0,
    3593.875,
    2869.3333333333335,
    2905.625,
    2713.4166666666665
  ],
  "tfw_hybrid_std": [
    148.23756271606734,
    955.9974190432688,
    1523.659039205827,
    2598.787660496299,
    3666.327997287702,
    2938.0121890809787,
    1159.0816759494298,
    362.81698784189615
  ],
  "tfw_gated_mean": [
    6926.208333333333,
    7014.875,
    7016.125,
    6955.708333333333,
    5694.125,
    6780.708333333333,
    7170.458333333333,
    6959.833333333333
  ],
  "tfw_gated_std": [
    185.61881912805273,
    244.18441222550027,
    148.23756271606734,
    239.75467156289548,
    2511.7108375610715,
    1283.746164777021,
    244.7097622769128,
    530.7392438170897
  ],
  "tfw_etc_mean": [
    7850.041666666667,
    6107.708333333333,
    5944.0,
    4593.708333333333,
    2011.3333333333333,
    6857.958333333333,
    7187.166666666667,
    6944.25
  ],
  "tfw_etc_std": [
    14.775064677756376,
    867.6172006617078,
    1536.5540497574718,
    2811.997672693184,
    2531.0611053154325,
    1285.0293002637072,
    233.4113120217402,
    547.647478648049
  ],
  "convergence_baseline_mean": [
    8000.0,
    8000.0,
    8000.0,
    8000.0,
    8000.0,
    8000.0,
    8000.0,
    8000.0
  ],
  "convergence_hybrid_mean": [
    8000.0,
    7639.541666666667,
    6422.416666666667,
    5577.708333333333,
    3473.625,
    2531.5833333333335,
    2752.5416666666665,
    5513.208333333333
  ],
  "theorem1_offline_transfer_rate_gated_mean": [
    NaN,
    0.0,
    0.0,
    0.0,
    0.20833333333333334,
    0.5416666666666666,
    1.0,
    1.0
  ],
  "offline_m0_nonempty_rate_gated_mean": [
    NaN,
    0.0,
    0.08333333333333333,
    0.4583333333333333,
    1.0,
    1.0,
    1.0,
    1.0
  ],
  "c_man_per_noff": {
    "500": {
      "c_man": 8.485281374238571,
      "lhs": 1.1384199576606167,
      "threshold": 0.13291641298195583
    },
    "1000": {
      "c_man": 8.485281374238571,
      "lhs": 0.8049844718999244,
      "threshold": 0.13291641298195583
    },
    "2000": {
      "c_man": 8.485281374238571,
      "lhs": 0.5692099788303083,
      "threshold": 0.13291641298195583
    },
    "4000": {
      "c_man": 8.485281374238571,
      "lhs": 0.4024922359499622,
      "threshold": 0.13291641298195583
    },
    "6000": {
      "c_man": 8.485281374238571,
      "lhs": 0.32863353450309973,
      "threshold": 0.13291641298195583
    },
    "10000": {
      "c_man": 8.48528137423857,
      "lhs": 0.2545584412271571,
      "threshold": 0.13291641298195583
    },
    "15000": {
      "c_man": 8.48528137423857,
      "lhs": 0.20784609690826525,
      "threshold": 0.13291641298195583
    }
  },
  "delta3": 0.5316656519278233
}