{
  "n_off_fixed": 2000,
  "game_seed": 9134,
  "tfw_hybrid_good_mean": 5303.583333333333,
  "tfw_hybrid_good_std": 2691.2349988138494,
  "tfw_hybrid_neutral_mean": 5428.625,
  "tfw_hybrid_neutral_std": 1706.544227697295,
  "tfw_hybrid_adversarial_mean": 6879.208333333333,
  "tfw_hybrid_adversarial_std": 275.57228660539784,
  "tfw_gated_good_mean": 7083.791666666667,
  "tfw_gated_good_std": 118.4967360279403,
  "tfw_gated_neutral_mean": 7083.791666666667,
  "tfw_gated_neutral_std": 118.4967360279403,
  "tfw_gated_adversarial_mean": 7083.791666666667,
  "tfw_gated_adversarial_std": 118.4967360279403,
  "tfw_etc_good_mean": 3909.9583333333335,
  "tfw_etc_good_std": 2808.570400371082,
  "tfw_etc_neutral_mean": 2845.5,
  "tfw_etc_neutral_std": 3239.004329030491,
  "tfw_etc_adversarial_mean": 5284.0,
  "tfw_etc_adversarial_std": 1027.7641414423751,
  "tfw_baseline_good_mean": 6984.375,
  "tfw_baseline_good_std": 224.07099272910963,
  "tfw_baseline_neutral_mean": 6984.375,
  "tfw_baseline_neutral_std": 224.07099272910963,
  "tfw_baseline_adversarial_mean": 6984.375,
  "tfw_baseline_adversarial_std": 224.07099272910963
}