{
  "n_off": [
    0,
    500,
    1000,
    2000,
    4000,
    6000,
    10000,
    15000
  ],
  "reward_model": "Bernoulli",
  "confidence_sets": "regression_Hoeffding",
  "confidence_delta": 0.05,
  "gamma_exp3": 0.01,
  "game_seed": 7657,
  "data_quality": "good",
  "tfw_baseline_mean": [
    6575.666666666667,
    6575.666666666667,
    6575.666666666667,
    6575.666666666667,
    6575.666666666667,
    6575.666666666667,
    6575.666666666667,
    6575.666666666667
  ],
  "tfw_baseline_std": [
    652.8554448605433,
    652.8554448605433,
    652.8554448605433,
    652.8554448605433,
    652.8554448605433,
    652.8554448605433,
    652.8554448605433,
    652.8554448605433
  ],
  "tfw_hybrid_mean": [
    6665.291666666667,
    6745.125,
    6893.291666666667,
    7038.166666666667,
    3360.25,
    3085.625,
    850.8333333333334,
    2209.9583333333335
  ],
  "tfw_hybrid_std": [
    531.7176824599495,
    690.0739287742387,
    689.8506756611498,
    723.8538566569231,
    3157.549080481913,
    2921.712970048192,
    1401.9349878453452,
    1239.298906961957
  ],
  "tfw_gated_mean": [
    6689.208333333333,
    6739.541666666667,
    6665.291666666667,
    6759.375,
    6797.583333333333,
    6623.958333333333,
    6736.166666666667,
    6773.208333333333
  ],
  "tfw_gated_std": [
    422.8376170142846,
    398.2721354056541,
    531.7176824599495,
    479.929053860183,
    252.89332974968727,
    577.3791971649486,
    329.8726587859212,
    248.3304213913507
  ],
  "tfw_etc_mean": [
    7768.333333333333,
    7870.166666666667,
    7752.541666666667,
    5818.666666666667,
    3636.0,
    5610.166666666667,
    6808.083333333333,
    6698.666666666667
  ],
  "tfw_etc_std": [
    21.690844926447394,
    180.13730672840182,
    452.84213384843713,
    3343.6578989076525,
    3377.2239564728175,
    2708.9730071787703,
    226.51094928265064,
    188.38274329410982
  ],
  "convergence_baseline_mean": [
    7746.25,
    7746.25,
    7746.25,
    7746.25,
    7746.25,
    7746.25,
    7746.25,
    7746.25
  ],
  "convergence_hybrid_mean": [
    7823.666666666667,
    7541.5,
    7556.75,
    6999.416666666667,
    2949.7083333333335,
    2651.75,
    717.5833333333334,
    2288.25
  ],
  "theorem1_offline_transfer_rate_gated_mean": [
    NaN,
    0.0,
    0.0,
    0.0,
    0.0,
    0.0,
    0.041666666666666664,
    0.20833333333333334
  ],
  "offline_m0_nonempty_rate_gated_mean": [
    NaN,
    0.0,
    0.0,
    0.2916666666666667,
    0.875,
    1.0,
    1.0,
    1.0
  ],
  "c_man_per_noff": {
    "500": {
      "c_man": 8.485281374238571,
      "lhs": 1.1384199576606167,
      "threshold": 0.07780129409977249
    },
    "1000": {
      "c_man": 8.485281374238571,
      "lhs": 0.8049844718999244,
      "threshold": 0.07780129409977249
    },
    "2000": {
      "c_man": 8.485281374238571,
      "lhs": 0.5692099788303083,
      "threshold": 0.07780129409977249
    },
    "4000": {
      "c_man": 8.485281374238571,
      "lhs": 0.4024922359499622,
      "threshold": 0.07780129409977249
    },
    "6000": {
      "c_man": 8.485281374238571,
      "lhs": 0.32863353450309973,
      "threshold": 0.07780129409977249
    },
    "10000": {
      "c_man": 8.48528137423857,
      "lhs": 0.2545584412271571,
      "threshold": 0.07780129409977249
    },
    "15000": {
      "c_man": 8.48528137423857,
      "lhs": 0.20784609690826525,
      "threshold": 0.07780129409977249
    }
  },
  "delta3": 0.31120517639908996
}