{
  "n_off_fixed": 2000,
  "game_seed": 7657,
  "tfw_hybrid_good_mean": 6677.291666666667,
  "tfw_hybrid_good_std": 1220.6771278115762,
  "tfw_hybrid_neutral_mean": 7080.25,
  "tfw_hybrid_neutral_std": 239.83277688749138,
  "tfw_hybrid_adversarial_mean": 6194.5,
  "tfw_hybrid_adversarial_std": 739.8830107288702,
  "tfw_gated_good_mean": 6856.958333333333,
  "tfw_gated_good_std": 119.10334539406512,
  "tfw_gated_neutral_mean": 6856.958333333333,
  "tfw_gated_neutral_std": 119.10334539406512,
  "tfw_gated_adversarial_mean": 6856.958333333333,
  "tfw_gated_adversarial_std": 119.10334539406512,
  "tfw_etc_good_mean": 4311.583333333333,
  "tfw_etc_good_std": 3783.375487538892,
  "tfw_etc_neutral_mean": 6809.791666666667,
  "tfw_etc_neutral_std": 331.5254569760645,
  "tfw_etc_adversarial_mean": 6487.333333333333,
  "tfw_etc_adversarial_std": 995.3475105040785,
  "tfw_baseline_good_mean": 6689.291666666667,
  "tfw_baseline_good_std": 327.4392713913152,
  "tfw_baseline_neutral_mean": 6689.291666666667,
  "tfw_baseline_neutral_std": 327.4392713913152,
  "tfw_baseline_adversarial_mean": 6689.291666666667,
  "tfw_baseline_adversarial_std": 327.4392713913152
}