{
  "n_off": [
    0,
    1000,
    2000,
    4000,
    8000,
    12000,
    20000,
    30000
  ],
  "reward_model": "Bernoulli",
  "confidence_sets": "regression_Hoeffding",
  "confidence_delta": 0.05,
  "gamma_exp3": 0.01,
  "game_seed": 5954,
  "data_quality": "good",
  "tfw_baseline_mean": [
    11173.666666666666,
    11173.666666666666,
    11173.666666666666,
    11173.666666666666,
    11173.666666666666,
    11173.666666666666,
    11173.666666666666,
    11173.666666666666
  ],
  "tfw_baseline_std": [
    430.7275610917624,
    430.7275610917624,
    430.7275610917624,
    430.7275610917624,
    430.7275610917624,
    430.7275610917624,
    430.7275610917624,
    430.7275610917624
  ],
  "tfw_hybrid_mean": [
    11184.75,
    8684.166666666666,
    7037.458333333333,
    6528.875,
    3921.25,
    3645.3333333333335,
    3772.9166666666665,
    3341.25
  ],
  "tfw_hybrid_std": [
    323.36293380120384,
    1923.98647890636,
    3788.696632365997,
    3606.246938812656,
    4096.483043549302,
    2476.802877249949,
    1151.636412908272,
    855.512978581704
  ],
  "tfw_gated_mean": [
    11256.833333333334,
    11285.833333333334,
    11184.75,
    11288.583333333334,
    11284.875,
    10615.916666666666,
    10154.583333333334,
    9622.166666666666
  ],
  "tfw_gated_std": [
    151.6803465720984,
    116.06395038818101,
    323.36293380120384,
    235.81937020168388,
    98.50857941007628,
    650.3274036084116,
    535.7032693139208,
    770.4176544698599
  ],
  "tfw_etc_mean": [
    12000.0,
    11892.958333333334,
    12000.0,
    6933.333333333333,
    10340.958333333334,
    10203.5,
    10195.875,
    9701.708333333334
  ],
  "tfw_etc_std": [
    0.0,
    524.3949291008322,
    0.0,
    5289.777283605136,
    412.6533948428903,
    293.614654296054,
    505.2656909767977,
    745.1193939442752
  ],
  "convergence_baseline_mean": [
    12000.0,
    12000.0,
    12000.0,
    12000.0,
    12000.0,
    12000.0,
    12000.0,
    12000.0
  ],
  "convergence_hybrid_mean": [
    12000.0,
    7078.416666666667,
    5494.75,
    4559.083333333333,
    3557.0416666666665,
    3128.375,
    5142.291666666667,
    3416.125
  ],
  "theorem1_offline_transfer_rate_gated_mean": [
    NaN,
    0.0,
    0.0,
    0.0,
    0.0,
    0.5833333333333334,
    1.0,
    1.0
  ],
  "offline_m0_nonempty_rate_gated_mean": [
    NaN,
    0.0,
    0.0,
    0.5416666666666666,
    1.0,
    1.0,
    1.0,
    1.0
  ],
  "c_man_per_noff": {
    "1000": {
      "c_man": 11.313708498984761,
      "lhs": 1.4310835055998654,
      "threshold": 0.15186203151277705
    },
    "2000": {
      "c_man": 11.313708498984761,
      "lhs": 1.0119288512538815,
      "threshold": 0.15186203151277705
    },
    "4000": {
      "c_man": 11.313708498984761,
      "lhs": 0.7155417527999327,
      "threshold": 0.15186203151277705
    },
    "8000": {
      "c_man": 11.313708498984761,
      "lhs": 0.5059644256269408,
      "threshold": 0.15186203151277705
    },
    "12000": {
      "c_man": 11.313708498984761,
      "lhs": 0.4131182235954578,
      "threshold": 0.15186203151277705
    },
    "20000": {
      "c_man": 11.313708498984761,
      "lhs": 0.32,
      "threshold": 0.15186203151277705
    },
    "30000": {
      "c_man": 11.313708498984761,
      "lhs": 0.26127890589687236,
      "threshold": 0.15186203151277705
    }
  },
  "delta3": 0.6074481260511082
}