{
  "n_off_fixed": 4000,
  "game_seed": 5954,
  "tfw_hybrid_good_mean": 5415.0,
  "tfw_hybrid_good_std": 4078.3666594233105,
  "tfw_hybrid_neutral_mean": 5791.0,
  "tfw_hybrid_neutral_std": 3480.87209212564,
  "tfw_hybrid_adversarial_mean": 10387.0,
  "tfw_hybrid_adversarial_std": 1414.8299943963154,
  "tfw_gated_good_mean": 11293.583333333334,
  "tfw_gated_good_std": 74.75055135272403,
  "tfw_gated_neutral_mean": 11293.583333333334,
  "tfw_gated_neutral_std": 74.75055135272403,
  "tfw_gated_adversarial_mean": 11293.583333333334,
  "tfw_gated_adversarial_std": 74.75055135272403,
  "tfw_etc_good_mean": 8185.625,
  "tfw_etc_good_std": 4753.771416396441,
  "tfw_etc_neutral_mean": 4206.041666666667,
  "tfw_etc_neutral_std": 4695.684146839953,
  "tfw_etc_adversarial_mean": 9583.083333333334,
  "tfw_etc_adversarial_std": 867.902564991509,
  "tfw_baseline_good_mean": 11271.916666666666,
  "tfw_baseline_good_std": 207.56788657263886,
  "tfw_baseline_neutral_mean": 11271.916666666666,
  "tfw_baseline_neutral_std": 207.56788657263886,
  "tfw_baseline_adversarial_mean": 11271.916666666666,
  "tfw_baseline_adversarial_std": 207.56788657263886
}