{
  "n_off": [
    0,
    1000,
    2000,
    4000,
    8000,
    12000,
    20000,
    30000
  ],
  "reward_model": "Bernoulli",
  "confidence_sets": "regression_Hoeffding",
  "confidence_delta": 0.05,
  "gamma_exp3": 0.01,
  "game_seed": 9153,
  "data_quality": "good",
  "tfw_baseline_mean": [
    11255.666666666666,
    11255.666666666666,
    11255.666666666666,
    11255.666666666666,
    11255.666666666666,
    11255.666666666666,
    11255.666666666666,
    11255.666666666666
  ],
  "tfw_baseline_std": [
    135.29441862155633,
    135.29441862155633,
    135.29441862155633,
    135.29441862155633,
    135.29441862155633,
    135.29441862155633,
    135.29441862155633,
    135.29441862155633
  ],
  "tfw_hybrid_mean": [
    11313.958333333334,
    8787.666666666666,
    8452.5,
    7607.916666666667,
    4502.75,
    3911.0416666666665,
    2842.125,
    2870.0
  ],
  "tfw_hybrid_std": [
    73.48497578870573,
    2439.2785224621084,
    3262.259219833903,
    3548.7524925842868,
    3662.5157100123074,
    2637.1443956305843,
    183.50768553979944,
    251.98447157125273
  ],
  "tfw_gated_mean": [
    11300.291666666666,
    11255.041666666666,
    11313.958333333334,
    11295.041666666666,
    11230.875,
    11290.791666666666,
    10703.416666666666,
    8984.625
  ],
  "tfw_gated_std": [
    67.58664594537095,
    89.36027673396616,
    73.48497578870573,
    74.14760787525913,
    252.93568739211503,
    63.76245260589371,
    918.974802922146,
    1115.5899906210673
  ],
  "tfw_etc_mean": [
    11775.041666666666,
    11912.125,
    11728.75,
    11117.041666666666,
    10492.625,
    10014.083333333334,
    9443.375,
    8709.375
  ],
  "tfw_etc_std": [
    25.074634969238932,
    120.71177043577453,
    567.9578405970395,
    544.639847427451,
    394.4111529973457,
    851.1288114164556,
    702.0735631281656,
    1199.0689436065547
  ],
  "convergence_baseline_mean": [
    12000.0,
    12000.0,
    12000.0,
    12000.0,
    12000.0,
    12000.0,
    12000.0,
    12000.0
  ],
  "convergence_hybrid_mean": [
    12000.0,
    8748.333333333334,
    8880.458333333334,
    7115.583333333333,
    4152.833333333333,
    2166.9583333333335,
    392.0416666666667,
    616.4166666666666
  ],
  "theorem1_offline_transfer_rate_gated_mean": [
    NaN,
    0.0,
    0.0,
    0.0,
    0.0,
    0.0,
    0.2916666666666667,
    0.9583333333333334
  ],
  "offline_m0_nonempty_rate_gated_mean": [
    NaN,
    0.0,
    0.0,
    0.6666666666666666,
    1.0,
    1.0,
    1.0,
    1.0
  ],
  "c_man_per_noff": {
    "1000": {
      "c_man": 11.313708498984761,
      "lhs": 1.4310835055998654,
      "threshold": 0.10540814511899674
    },
    "2000": {
      "c_man": 11.313708498984761,
      "lhs": 1.0119288512538815,
      "threshold": 0.10540814511899674
    },
    "4000": {
      "c_man": 11.313708498984761,
      "lhs": 0.7155417527999327,
      "threshold": 0.10540814511899674
    },
    "8000": {
      "c_man": 11.313708498984761,
      "lhs": 0.5059644256269408,
      "threshold": 0.10540814511899674
    },
    "12000": {
      "c_man": 11.313708498984761,
      "lhs": 0.4131182235954578,
      "threshold": 0.10540814511899674
    },
    "20000": {
      "c_man": 11.313708498984761,
      "lhs": 0.32,
      "threshold": 0.10540814511899674
    },
    "30000": {
      "c_man": 11.313708498984761,
      "lhs": 0.26127890589687236,
      "threshold": 0.10540814511899674
    }
  },
  "delta3": 0.42163258047598695
}