{
  "n_off_fixed": 4000,
  "game_seed": 9153,
  "tfw_hybrid_good_mean": 5912.666666666667,
  "tfw_hybrid_good_std": 3924.9494559655236,
  "tfw_hybrid_neutral_mean": 6943.583333333333,
  "tfw_hybrid_neutral_std": 3678.786176428858,
  "tfw_hybrid_adversarial_mean": 10858.458333333334,
  "tfw_hybrid_adversarial_std": 817.9614628514872,
  "tfw_gated_good_mean": 11293.833333333334,
  "tfw_gated_good_std": 76.21746157722232,
  "tfw_gated_neutral_mean": 11293.833333333334,
  "tfw_gated_neutral_std": 76.21746157722232,
  "tfw_gated_adversarial_mean": 11293.833333333334,
  "tfw_gated_adversarial_std": 76.21746157722232,
  "tfw_etc_good_mean": 11017.291666666666,
  "tfw_etc_good_std": 637.0255935863628,
  "tfw_etc_neutral_mean": 10258.208333333334,
  "tfw_etc_neutral_std": 251.8968006712388,
  "tfw_etc_adversarial_mean": 10988.833333333334,
  "tfw_etc_adversarial_std": 525.7385419509908,
  "tfw_baseline_good_mean": 11302.375,
  "tfw_baseline_good_std": 75.38816220070629,
  "tfw_baseline_neutral_mean": 11302.375,
  "tfw_baseline_neutral_std": 75.38816220070629,
  "tfw_baseline_adversarial_mean": 11302.375,
  "tfw_baseline_adversarial_std": 75.38816220070629
}