{
  "n_off": [
    0,
    200,
    500,
    1000,
    2000,
    3000,
    5000,
    8000
  ],
  "reward_model": "Bernoulli",
  "confidence_sets": "regression_Hoeffding",
  "confidence_delta": 0.05,
  "gamma_exp3": 0.01,
  "game_seed": 3197,
  "data_quality": "good",
  "tfw_baseline_mean": [
    1794.6666666666667,
    1794.6666666666667,
    1794.6666666666667,
    1794.6666666666667,
    1794.6666666666667,
    1794.6666666666667,
    1794.6666666666667,
    1794.6666666666667
  ],
  "tfw_baseline_std": [
    635.7365920668351,
    635.7365920668351,
    635.7365920668351,
    635.7365920668351,
    635.7365920668351,
    635.7365920668351,
    635.7365920668351,
    635.7365920668351
  ],
  "tfw_hybrid_mean": [
    1669.9166666666667,
    1990.5833333333333,
    2349.4583333333335,
    2230.7916666666665,
    3870.5416666666665,
    4242.916666666667,
    4490.291666666667,
    3916.8333333333335
  ],
  "tfw_hybrid_std": [
    350.285463296868,
    724.7143915194195,
    1043.9906287754764,
    1059.9032350897053,
    849.5011313126365,
    130.83940261007888,
    200.4411393958806,
    1485.5109695252038
  ],
  "tfw_gated_mean": [
    1645.0833333333333,
    1758.75,
    1669.9166666666667,
    1627.2916666666667,
    1635.4166666666667,
    1697.0833333333333,
    1624.5416666666667,
    1769.9166666666667
  ],
  "tfw_gated_std": [
    212.81547767075563,
    550.3941868057522,
    350.285463296868,
    430.0452432382948,
    222.41831263882352,
    396.27284371587547,
    280.6218218244226,
    603.5299003195368
  ],
  "tfw_etc_mean": [
    5000.0,
    4295.041666666667,
    3499.9166666666665,
    3092.5,
    3976.2916666666665,
    3990.4166666666665,
    4578.5,
    4356.041666666667
  ],
  "tfw_etc_std": [
    0.0,
    898.0929785876325,
    1320.0855346683334,
    1529.038373562314,
    1257.5835516945797,
    1542.7128819815707,
    32.150461488337044,
    948.6873530518784
  ],
  "convergence_baseline_mean": [
    3125.1666666666665,
    3125.1666666666665,
    3125.1666666666665,
    3125.1666666666665,
    3125.1666666666665,
    3125.1666666666665,
    3125.1666666666665,
    3125.1666666666665
  ],
  "convergence_hybrid_mean": [
    2851.2083333333335,
    2978.2916666666665,
    3186.125,
    3009.9583333333335,
    4395.958333333333,
    5000.0,
    4800.083333333333,
    4106.5
  ],
  "theorem1_offline_transfer_rate_gated_mean": [
    NaN,
    0.0,
    0.0,
    0.0,
    0.0,
    0.0,
    0.0,
    0.0
  ],
  "offline_m0_nonempty_rate_gated_mean": [
    NaN,
    0.0,
    0.0,
    0.3333333333333333,
    1.0,
    1.0,
    1.0,
    1.0
  ],
  "c_man_per_noff": {
    "200": {
      "c_man": 5.656854249492381,
      "lhs": 0.8,
      "threshold": 0.03393548440420696
    },
    "500": {
      "c_man": 5.656854249492381,
      "lhs": 0.5059644256269408,
      "threshold": 0.03393548440420696
    },
    "1000": {
      "c_man": 5.656854249492381,
      "lhs": 0.35777087639996635,
      "threshold": 0.03393548440420696
    },
    "2000": {
      "c_man": 5.656854249492381,
      "lhs": 0.2529822128134704,
      "threshold": 0.03393548440420696
    },
    "3000": {
      "c_man": 5.656854249492381,
      "lhs": 0.2065591117977289,
      "threshold": 0.03393548440420696
    },
    "5000": {
      "c_man": 5.656854249492381,
      "lhs": 0.16,
      "threshold": 0.03393548440420696
    },
    "8000": {
      "c_man": 5.656854249492381,
      "lhs": 0.1264911064067352,
      "threshold": 0.03393548440420696
    }
  },
  "delta3": 0.13574193761682785
}