{
  "n_off_fixed": 1000,
  "game_seed": 3197,
  "tfw_hybrid_good_mean": 2678.2916666666665,
  "tfw_hybrid_good_std": 1251.2705361791848,
  "tfw_hybrid_neutral_mean": 4029.9166666666665,
  "tfw_hybrid_neutral_std": 1048.1405032211826,
  "tfw_hybrid_adversarial_mean": 3143.4583333333335,
  "tfw_hybrid_adversarial_std": 1457.6219459512952,
  "tfw_gated_good_mean": 1622.0833333333333,
  "tfw_gated_good_std": 91.0785216252947,
  "tfw_gated_neutral_mean": 1622.0833333333333,
  "tfw_gated_neutral_std": 91.0785216252947,
  "tfw_gated_adversarial_mean": 1622.0833333333333,
  "tfw_gated_adversarial_std": 91.0785216252947,
  "tfw_etc_good_mean": 3226.875,
  "tfw_etc_good_std": 1387.7796878310771,
  "tfw_etc_neutral_mean": 4583.375,
  "tfw_etc_neutral_std": 25.752690868266985,
  "tfw_etc_adversarial_mean": 2345.2083333333335,
  "tfw_etc_adversarial_std": 1612.2741696710289,
  "tfw_baseline_good_mean": 1662.8333333333333,
  "tfw_baseline_good_std": 288.4856513147452,
  "tfw_baseline_neutral_mean": 1662.8333333333333,
  "tfw_baseline_neutral_std": 288.4856513147452,
  "tfw_baseline_adversarial_mean": 1662.8333333333333,
  "tfw_baseline_adversarial_std": 288.4856513147452
}