{
  "n_off": [
    0,
    1000,
    2000,
    4000,
    8000,
    12000,
    20000,
    30000
  ],
  "reward_model": "Bernoulli",
  "confidence_sets": "regression_Hoeffding",
  "confidence_delta": 0.05,
  "gamma_exp3": 0.01,
  "game_seed": 4098,
  "data_quality": "good",
  "tfw_baseline_mean": [
    10485.166666666666,
    10485.166666666666,
    10485.166666666666,
    10485.166666666666,
    10485.166666666666,
    10485.166666666666,
    10485.166666666666,
    10485.166666666666
  ],
  "tfw_baseline_std": [
    182.96392295053494,
    182.96392295053494,
    182.96392295053494,
    182.96392295053494,
    182.96392295053494,
    182.96392295053494,
    182.96392295053494,
    182.96392295053494
  ],
  "tfw_hybrid_mean": [
    10511.541666666666,
    10261.041666666666,
    10451.666666666666,
    10171.75,
    9222.375,
    3430.0416666666665,
    4049.2083333333335,
    3427.3333333333335
  ],
  "tfw_hybrid_std": [
    183.53816785064356,
    802.0015439195084,
    641.5043235251414,
    704.2944202780416,
    2873.079529650311,
    2068.0165561351955,
    591.4434795420046,
    823.4180969099723
  ],
  "tfw_gated_mean": [
    10532.666666666666,
    10510.041666666666,
    10511.541666666666,
    10517.791666666666,
    10428.375,
    10416.375,
    10487.75,
    10466.333333333334
  ],
  "tfw_gated_std": [
    179.72337842813656,
    185.65266287312997,
    183.53816785064356,
    183.19008402219256,
    166.7270126258203,
    174.1939979248524,
    218.571299679254,
    148.9577315787987
  ],
  "tfw_etc_mean": [
    11783.166666666666,
    11616.375,
    11451.166666666666,
    11104.916666666666,
    10387.916666666666,
    10287.458333333334,
    9974.75,
    9960.958333333334
  ],
  "tfw_etc_std": [
    22.170616407399635,
    381.1749355896045,
    258.3902789036075,
    623.5418410469597,
    380.0038806056621,
    369.5268395460978,
    441.8981045247973,
    198.039187858202
  ],
  "convergence_baseline_mean": [
    12000.0,
    12000.0,
    12000.0,
    12000.0,
    12000.0,
    12000.0,
    12000.0,
    12000.0
  ],
  "convergence_hybrid_mean": [
    12000.0,
    10784.708333333334,
    11473.875,
    9831.166666666666,
    9175.416666666666,
    1342.0,
    1005.4166666666666,
    1019.0833333333334
  ],
  "theorem1_offline_transfer_rate_gated_mean": [
    NaN,
    0.0,
    0.0,
    0.0,
    0.0,
    0.0,
    0.0,
    0.0
  ],
  "offline_m0_nonempty_rate_gated_mean": [
    NaN,
    0.0,
    0.0,
    0.2916666666666667,
    1.0,
    1.0,
    1.0,
    1.0
  ],
  "c_man_per_noff": {
    "1000": {
      "c_man": 11.313708498984761,
      "lhs": 1.4310835055998654,
      "threshold": 0.0547249410380313
    },
    "2000": {
      "c_man": 11.313708498984761,
      "lhs": 1.0119288512538815,
      "threshold": 0.0547249410380313
    },
    "4000": {
      "c_man": 11.313708498984761,
      "lhs": 0.7155417527999327,
      "threshold": 0.0547249410380313
    },
    "8000": {
      "c_man": 11.313708498984761,
      "lhs": 0.5059644256269408,
      "threshold": 0.0547249410380313
    },
    "12000": {
      "c_man": 11.313708498984761,
      "lhs": 0.4131182235954578,
      "threshold": 0.0547249410380313
    },
    "20000": {
      "c_man": 11.313708498984761,
      "lhs": 0.32,
      "threshold": 0.0547249410380313
    },
    "30000": {
      "c_man": 11.313708498984761,
      "lhs": 0.26127890589687236,
      "threshold": 0.0547249410380313
    }
  },
  "delta3": 0.2188997641521252
}