{
  "n_off_fixed": 4000,
  "game_seed": 4098,
  "tfw_hybrid_good_mean": 9976.041666666666,
  "tfw_hybrid_good_std": 1115.498815276851,
  "tfw_hybrid_neutral_mean": 8042.75,
  "tfw_hybrid_neutral_std": 2414.0195642375684,
  "tfw_hybrid_adversarial_mean": 10568.708333333334,
  "tfw_hybrid_adversarial_std": 286.83967331665576,
  "tfw_gated_good_mean": 10458.416666666666,
  "tfw_gated_good_std": 187.37312615686676,
  "tfw_gated_neutral_mean": 10458.416666666666,
  "tfw_gated_neutral_std": 187.37312615686676,
  "tfw_gated_adversarial_mean": 10458.416666666666,
  "tfw_gated_adversarial_std": 187.37312615686676,
  "tfw_etc_good_mean": 10924.416666666666,
  "tfw_etc_good_std": 729.8649021307428,
  "tfw_etc_neutral_mean": 10250.208333333334,
  "tfw_etc_neutral_std": 410.1077248900498,
  "tfw_etc_adversarial_mean": 11178.291666666666,
  "tfw_etc_adversarial_std": 281.36924203316687,
  "tfw_baseline_good_mean": 10564.375,
  "tfw_baseline_good_std": 209.44249236651012,
  "tfw_baseline_neutral_mean": 10564.375,
  "tfw_baseline_neutral_std": 209.44249236651012,
  "tfw_baseline_adversarial_mean": 10564.375,
  "tfw_baseline_adversarial_std": 209.44249236651012
}