{
  "n_off": [
    0,
    200,
    500,
    1000,
    2000,
    3000,
    5000,
    8000
  ],
  "reward_model": "Bernoulli",
  "confidence_sets": "regression_Hoeffding",
  "confidence_delta": 0.05,
  "gamma_exp3": 0.01,
  "game_seed": 8400,
  "data_quality": "good",
  "tfw_baseline_mean": [
    3437.4583333333335,
    3437.4583333333335,
    3437.4583333333335,
    3437.4583333333335,
    3437.4583333333335,
    3437.4583333333335,
    3437.4583333333335,
    3437.4583333333335
  ],
  "tfw_baseline_std": [
    614.025206901268,
    614.025206901268,
    614.025206901268,
    614.025206901268,
    614.025206901268,
    614.025206901268,
    614.025206901268,
    614.025206901268
  ],
  "tfw_hybrid_mean": [
    3268.7916666666665,
    3731.0833333333335,
    3986.5,
    3962.5416666666665,
    3967.6666666666665,
    3241.9166666666665,
    3157.5,
    3759.4166666666665
  ],
  "tfw_hybrid_std": [
    657.1967463445,
    470.1973606593454,
    190.6175319278394,
    448.90204016763687,
    350.36510977111794,
    728.1756188475813,
    620.9809210819815,
    513.7438810947716
  ],
  "tfw_gated_mean": [
    3143.0,
    3231.5,
    3268.7916666666665,
    3363.9166666666665,
    3135.625,
    3283.4583333333335,
    3528.0416666666665,
    3305.0
  ],
  "tfw_gated_std": [
    635.182000621116,
    600.5459834691009,
    657.1967463445,
    594.4809878604498,
    623.5744655856546,
    495.45727488037153,
    553.8004254529642,
    593.697551459239
  ],
  "tfw_etc_mean": [
    5000.0,
    4070.2083333333335,
    3891.875,
    4137.291666666667,
    4145.166666666667,
    4205.708333333333,
    4053.1666666666665,
    4009.2916666666665
  ],
  "tfw_etc_std": [
    0.0,
    1165.8107825874238,
    1034.7265260423414,
    413.10220644655783,
    206.265693298435,
    210.15842454157556,
    153.97731811131672,
    87.957736474952
  ],
  "convergence_baseline_mean": [
    4522.458333333333,
    4522.458333333333,
    4522.458333333333,
    4522.458333333333,
    4522.458333333333,
    4522.458333333333,
    4522.458333333333,
    4522.458333333333
  ],
  "convergence_hybrid_mean": [
    4191.75,
    4694.208333333333,
    5000.0,
    4814.291666666667,
    5000.0,
    4831.5,
    4591.5,
    4618.208333333333
  ],
  "theorem1_offline_transfer_rate_gated_mean": [
    NaN,
    0.0,
    0.0,
    0.0,
    0.0,
    0.0,
    0.0,
    0.0
  ],
  "offline_m0_nonempty_rate_gated_mean": [
    NaN,
    0.0,
    0.08333333333333333,
    0.7083333333333334,
    1.0,
    1.0,
    1.0,
    1.0
  ],
  "c_man_per_noff": {
    "200": {
      "c_man": 5.656854249492381,
      "lhs": 0.8,
      "threshold": 0.011525343242324071
    },
    "500": {
      "c_man": 5.656854249492381,
      "lhs": 0.5059644256269408,
      "threshold": 0.011525343242324071
    },
    "1000": {
      "c_man": 5.656854249492381,
      "lhs": 0.35777087639996635,
      "threshold": 0.011525343242324071
    },
    "2000": {
      "c_man": 5.656854249492381,
      "lhs": 0.2529822128134704,
      "threshold": 0.011525343242324071
    },
    "3000": {
      "c_man": 5.656854249492381,
      "lhs": 0.2065591117977289,
      "threshold": 0.011525343242324071
    },
    "5000": {
      "c_man": 5.656854249492381,
      "lhs": 0.16,
      "threshold": 0.011525343242324071
    },
    "8000": {
      "c_man": 5.656854249492381,
      "lhs": 0.1264911064067352,
      "threshold": 0.011525343242324071
    }
  },
  "delta3": 0.046101372969296284
}