{
  "n_off_fixed": 1000,
  "game_seed": 8400,
  "tfw_hybrid_good_mean": 4030.7083333333335,
  "tfw_hybrid_good_std": 259.97315566547763,
  "tfw_hybrid_neutral_mean": 4071.5833333333335,
  "tfw_hybrid_neutral_std": 279.34767439233457,
  "tfw_hybrid_adversarial_mean": 3215.375,
  "tfw_hybrid_adversarial_std": 520.4149525389206,
  "tfw_gated_good_mean": 3086.4583333333335,
  "tfw_gated_good_std": 571.0994719696894,
  "tfw_gated_neutral_mean": 3086.4583333333335,
  "tfw_gated_neutral_std": 571.0994719696894,
  "tfw_gated_adversarial_mean": 3086.4583333333335,
  "tfw_gated_adversarial_std": 571.0994719696894,
  "tfw_etc_good_mean": 4035.6666666666665,
  "tfw_etc_good_std": 596.9902531187931,
  "tfw_etc_neutral_mean": 4088.0833333333335,
  "tfw_etc_neutral_std": 821.885103398526,
  "tfw_etc_adversarial_mean": 3045.25,
  "tfw_etc_adversarial_std": 1506.3082786849386,
  "tfw_baseline_good_mean": 3486.25,
  "tfw_baseline_good_std": 464.86699827687977,
  "tfw_baseline_neutral_mean": 3486.25,
  "tfw_baseline_neutral_std": 464.86699827687977,
  "tfw_baseline_adversarial_mean": 3486.25,
  "tfw_baseline_adversarial_std": 464.86699827687977
}