{
  "n_off": [
    0,
    200,
    500,
    1000,
    2000,
    3000,
    5000,
    8000
  ],
  "reward_model": "Bernoulli",
  "confidence_sets": "regression_Hoeffding",
  "confidence_delta": 0.05,
  "gamma_exp3": 0.01,
  "game_seed": 8001,
  "data_quality": "good",
  "tfw_baseline_mean": [
    4253.583333333333,
    4253.583333333333,
    4253.583333333333,
    4253.583333333333,
    4253.583333333333,
    4253.583333333333,
    4253.583333333333,
    4253.583333333333
  ],
  "tfw_baseline_std": [
    113.9568631836919,
    113.9568631836919,
    113.9568631836919,
    113.9568631836919,
    113.9568631836919,
    113.9568631836919,
    113.9568631836919,
    113.9568631836919
  ],
  "tfw_hybrid_mean": [
    4252.291666666667,
    4296.75,
    4352.333333333333,
    4205.708333333333,
    4358.125,
    4299.666666666667,
    3962.1666666666665,
    3994.4166666666665
  ],
  "tfw_hybrid_std": [
    79.34266858362538,
    108.65591882475697,
    82.09838565730897,
    409.4513273794013,
    251.2520495265747,
    322.794815252078,
    118.0591843716225,
    112.57033228228887
  ],
  "tfw_gated_mean": [
    4270.666666666667,
    4242.416666666667,
    4252.291666666667,
    4217.083333333333,
    4276.0,
    4242.083333333333,
    4224.291666666667,
    4242.125
  ],
  "tfw_gated_std": [
    86.55165166417738,
    93.54929724211057,
    79.34266858362538,
    82.92160607238134,
    80.5670123453816,
    80.81213676964224,
    90.2809523782223,
    76.61893993342468
  ],
  "tfw_etc_mean": [
    5000.0,
    4564.5,
    4666.875,
    4488.458333333333,
    4263.333333333333,
    4176.416666666667,
    4161.916666666667,
    4126.25
  ],
  "tfw_etc_std": [
    0.0,
    624.271331755811,
    476.47166187006064,
    525.6194671769323,
    212.9171438492625,
    175.422202914461,
    128.05736373124782,
    97.67258971998591
  ],
  "convergence_baseline_mean": [
    5000.0,
    5000.0,
    5000.0,
    5000.0,
    5000.0,
    5000.0,
    5000.0,
    5000.0
  ],
  "convergence_hybrid_mean": [
    5000.0,
    5000.0,
    5000.0,
    4878.375,
    5000.0,
    4880.125,
    4800.083333333333,
    4800.083333333333
  ],
  "theorem1_offline_transfer_rate_gated_mean": [
    NaN,
    0.0,
    0.0,
    0.0,
    0.0,
    0.0,
    0.0,
    0.0
  ],
  "offline_m0_nonempty_rate_gated_mean": [
    NaN,
    0.0,
    0.0,
    0.20833333333333334,
    0.9583333333333334,
    1.0,
    1.0,
    1.0
  ],
  "c_man_per_noff": {
    "200": {
      "c_man": 5.656854249492381,
      "lhs": 0.8,
      "threshold": 0.011470221923774282
    },
    "500": {
      "c_man": 5.656854249492381,
      "lhs": 0.5059644256269408,
      "threshold": 0.011470221923774282
    },
    "1000": {
      "c_man": 5.656854249492381,
      "lhs": 0.35777087639996635,
      "threshold": 0.011470221923774282
    },
    "2000": {
      "c_man": 5.656854249492381,
      "lhs": 0.2529822128134704,
      "threshold": 0.011470221923774282
    },
    "3000": {
      "c_man": 5.656854249492381,
      "lhs": 0.2065591117977289,
      "threshold": 0.011470221923774282
    },
    "5000": {
      "c_man": 5.656854249492381,
      "lhs": 0.16,
      "threshold": 0.011470221923774282
    },
    "8000": {
      "c_man": 5.656854249492381,
      "lhs": 0.1264911064067352,
      "threshold": 0.011470221923774282
    }
  },
  "delta3": 0.04588088769509713
}