{
  "n_off_fixed": 1000,
  "game_seed": 8001,
  "tfw_hybrid_good_mean": 4167.208333333333,
  "tfw_hybrid_good_std": 446.7041603612597,
  "tfw_hybrid_neutral_mean": 4436.708333333333,
  "tfw_hybrid_neutral_std": 134.22320124934882,
  "tfw_hybrid_adversarial_mean": 4370.416666666667,
  "tfw_hybrid_adversarial_std": 149.97359671003736,
  "tfw_gated_good_mean": 4200.583333333333,
  "tfw_gated_good_std": 79.38070988249775,
  "tfw_gated_neutral_mean": 4200.583333333333,
  "tfw_gated_neutral_std": 79.38070988249775,
  "tfw_gated_adversarial_mean": 4200.583333333333,
  "tfw_gated_adversarial_std": 79.38070988249775,
  "tfw_etc_good_mean": 4572.708333333333,
  "tfw_etc_good_std": 343.5362747970719,
  "tfw_etc_neutral_mean": 4278.541666666667,
  "tfw_etc_neutral_std": 135.82981012590932,
  "tfw_etc_adversarial_mean": 3839.0833333333335,
  "tfw_etc_adversarial_std": 963.2432947742415,
  "tfw_baseline_good_mean": 4237.833333333333,
  "tfw_baseline_good_std": 83.09170767325685,
  "tfw_baseline_neutral_mean": 4237.833333333333,
  "tfw_baseline_neutral_std": 83.09170767325685,
  "tfw_baseline_adversarial_mean": 4237.833333333333,
  "tfw_baseline_adversarial_std": 83.09170767325685
}