{
  "n_off": [
    0,
    200,
    500,
    1000,
    2000,
    3000,
    5000,
    8000
  ],
  "reward_model": "Bernoulli",
  "confidence_sets": "regression_Hoeffding",
  "confidence_delta": 0.05,
  "gamma_exp3": 0.01,
  "game_seed": 9153,
  "data_quality": "good",
  "tfw_baseline_mean": [
    2567.4583333333335,
    2567.4583333333335,
    2567.4583333333335,
    2567.4583333333335,
    2567.4583333333335,
    2567.4583333333335,
    2567.4583333333335,
    2567.4583333333335
  ],
  "tfw_baseline_std": [
    633.4066609915037,
    633.4066609915037,
    633.4066609915037,
    633.4066609915037,
    633.4066609915037,
    633.4066609915037,
    633.4066609915037,
    633.4066609915037
  ],
  "tfw_hybrid_mean": [
    2628.3333333333335,
    2345.625,
    2680.3333333333335,
    2667.0416666666665,
    769.0416666666666,
    1013.6666666666666,
    1082.25,
    98.83333333333333
  ],
  "tfw_hybrid_std": [
    734.5860512333915,
    918.6364097187034,
    792.9875083541967,
    945.357235406929,
    1282.7422554202305,
    1705.2413233951647,
    1756.5861220981526,
    273.90091300491775
  ],
  "tfw_gated_mean": [
    2463.5833333333335,
    2176.5,
    2628.3333333333335,
    2701.9166666666665,
    2514.1666666666665,
    2040.625,
    1078.6666666666667,
    213.20833333333334
  ],
  "tfw_gated_std": [
    766.3282822863084,
    709.6418570077383,
    734.5860512333915,
    757.5274376816853,
    929.8994179674659,
    1534.8461702412876,
    1452.9601767984968,
    348.50912023081685
  ],
  "tfw_etc_mean": [
    5000.0,
    2694.125,
    1829.9166666666667,
    919.0833333333334,
    1114.4166666666667,
    1222.875,
    790.3333333333334,
    198.91666666666666
  ],
  "tfw_etc_std": [
    0.0,
    1620.337171366825,
    1620.8249621631,
    1172.5158723934157,
    1707.8320586579086,
    1760.2369482914607,
    1330.4479685810525,
    326.9388876103362
  ],
  "convergence_baseline_mean": [
    4345.25,
    4345.25,
    4345.25,
    4345.25,
    4345.25,
    4345.25,
    4345.25,
    4345.25
  ],
  "convergence_hybrid_mean": [
    4323.916666666667,
    3900.125,
    4337.75,
    4099.666666666667,
    1281.6666666666667,
    1399.5416666666667,
    1413.5833333333333,
    252.0
  ],
  "theorem1_offline_transfer_rate_gated_mean": [
    NaN,
    0.0,
    0.0,
    0.041666666666666664,
    0.125,
    0.5416666666666666,
    0.875,
    1.0
  ],
  "offline_m0_nonempty_rate_gated_mean": [
    NaN,
    0.0,
    0.08333333333333333,
    0.5833333333333334,
    0.9583333333333334,
    1.0,
    1.0,
    1.0
  ],
  "c_man_per_noff": {
    "200": {
      "c_man": 5.656854249492381,
      "lhs": 0.8,
      "threshold": 0.0888358585850414
    },
    "500": {
      "c_man": 5.656854249492381,
      "lhs": 0.5059644256269408,
      "threshold": 0.0888358585850414
    },
    "1000": {
      "c_man": 5.656854249492381,
      "lhs": 0.35777087639996635,
      "threshold": 0.0888358585850414
    },
    "2000": {
      "c_man": 5.656854249492381,
      "lhs": 0.2529822128134704,
      "threshold": 0.0888358585850414
    },
    "3000": {
      "c_man": 5.656854249492381,
      "lhs": 0.2065591117977289,
      "threshold": 0.0888358585850414
    },
    "5000": {
      "c_man": 5.656854249492381,
      "lhs": 0.16,
      "threshold": 0.0888358585850414
    },
    "8000": {
      "c_man": 5.656854249492381,
      "lhs": 0.1264911064067352,
      "threshold": 0.0888358585850414
    }
  },
  "delta3": 0.3553434343401656
}