{
  "n_off_fixed": 1000,
  "game_seed": 9153,
  "tfw_hybrid_good_mean": 2444.125,
  "tfw_hybrid_good_std": 1294.030821234312,
  "tfw_hybrid_neutral_mean": 3253.2083333333335,
  "tfw_hybrid_neutral_std": 1217.4980038968251,
  "tfw_hybrid_adversarial_mean": 3472.0833333333335,
  "tfw_hybrid_adversarial_std": 1051.5240664477635,
  "tfw_gated_good_mean": 2685.0,
  "tfw_gated_good_std": 709.2959767323481,
  "tfw_gated_neutral_mean": 2685.0,
  "tfw_gated_neutral_std": 709.2959767323481,
  "tfw_gated_adversarial_mean": 2685.0,
  "tfw_gated_adversarial_std": 709.2959767323481,
  "tfw_etc_good_mean": 1095.75,
  "tfw_etc_good_std": 1728.7646569531767,
  "tfw_etc_neutral_mean": 3362.2083333333335,
  "tfw_etc_neutral_std": 1776.9080859781388,
  "tfw_etc_adversarial_mean": 2094.25,
  "tfw_etc_adversarial_std": 1800.1845376419656,
  "tfw_baseline_good_mean": 2625.0416666666665,
  "tfw_baseline_good_std": 798.2304058334921,
  "tfw_baseline_neutral_mean": 2625.0416666666665,
  "tfw_baseline_neutral_std": 798.2304058334921,
  "tfw_baseline_adversarial_mean": 2625.0416666666665,
  "tfw_baseline_adversarial_std": 798.2304058334921
}