{
  "n_off": [
    0,
    200,
    500,
    1000,
    2000,
    3000,
    5000,
    8000
  ],
  "reward_model": "Bernoulli",
  "confidence_sets": "regression_Hoeffding",
  "confidence_delta": 0.05,
  "gamma_exp3": 0.01,
  "game_seed": 1603,
  "data_quality": "good",
  "tfw_baseline_mean": [
    4260.625,
    4260.625,
    4260.625,
    4260.625,
    4260.625,
    4260.625,
    4260.625,
    4260.625
  ],
  "tfw_baseline_std": [
    97.32545692272599,
    97.32545692272599,
    97.32545692272599,
    97.32545692272599,
    97.32545692272599,
    97.32545692272599,
    97.32545692272599,
    97.32545692272599
  ],
  "tfw_hybrid_mean": [
    4231.708333333333,
    4384.375,
    4434.125,
    4435.5,
    4203.583333333333,
    4102.291666666667,
    3237.7083333333335,
    1373.2083333333333
  ],
  "tfw_hybrid_std": [
    83.28342345982428,
    98.31485026489486,
    246.4822619069831,
    325.6125999057643,
    597.1373679748104,
    618.6476470753639,
    1140.6202156937582,
    1603.483191684432
  ],
  "tfw_gated_mean": [
    4277.375,
    4225.541666666667,
    4231.708333333333,
    4240.25,
    4245.0,
    4251.083333333333,
    4265.5,
    4241.166666666667
  ],
  "tfw_gated_std": [
    81.9824013458668,
    64.71138544179921,
    83.28342345982428,
    84.7170482303861,
    94.0767494262461,
    90.96627022606005,
    106.26054934841099,
    134.68277274901314
  ],
  "tfw_etc_mean": [
    4602.916666666667,
    4472.666666666667,
    4609.458333333333,
    4535.458333333333,
    4256.125,
    3945.125,
    928.75,
    188.41666666666666
  ],
  "tfw_etc_std": [
    39.51765336575835,
    532.951801937479,
    204.02812661315932,
    153.6930818410416,
    915.929526076723,
    1527.517318268011,
    1675.3078951280152,
    229.14432829203037
  ],
  "convergence_baseline_mean": [
    5000.0,
    5000.0,
    5000.0,
    5000.0,
    5000.0,
    5000.0,
    5000.0,
    5000.0
  ],
  "convergence_hybrid_mean": [
    5000.0,
    5000.0,
    4884.166666666667,
    4922.291666666667,
    4687.5,
    4595.541666666667,
    3512.5,
    1144.7083333333333
  ],
  "theorem1_offline_transfer_rate_gated_mean": [
    NaN,
    0.0,
    0.0,
    0.0,
    0.0,
    0.0,
    0.0,
    0.0
  ],
  "offline_m0_nonempty_rate_gated_mean": [
    NaN,
    0.0,
    0.0,
    0.20833333333333334,
    1.0,
    1.0,
    1.0,
    1.0
  ],
  "c_man_per_noff": {
    "200": {
      "c_man": 5.656854249492381,
      "lhs": 0.8,
      "threshold": 0.04118500932976507
    },
    "500": {
      "c_man": 5.656854249492381,
      "lhs": 0.5059644256269408,
      "threshold": 0.04118500932976507
    },
    "1000": {
      "c_man": 5.656854249492381,
      "lhs": 0.35777087639996635,
      "threshold": 0.04118500932976507
    },
    "2000": {
      "c_man": 5.656854249492381,
      "lhs": 0.2529822128134704,
      "threshold": 0.04118500932976507
    },
    "3000": {
      "c_man": 5.656854249492381,
      "lhs": 0.2065591117977289,
      "threshold": 0.04118500932976507
    },
    "5000": {
      "c_man": 5.656854249492381,
      "lhs": 0.16,
      "threshold": 0.04118500932976507
    },
    "8000": {
      "c_man": 5.656854249492381,
      "lhs": 0.1264911064067352,
      "threshold": 0.04118500932976507
    }
  },
  "delta3": 0.16474003731906028
}