{
  "n_off_fixed": 1000,
  "game_seed": 1603,
  "tfw_hybrid_good_mean": 4334.625,
  "tfw_hybrid_good_std": 266.99272299153546,
  "tfw_hybrid_neutral_mean": 4435.458333333333,
  "tfw_hybrid_neutral_std": 155.08145942687997,
  "tfw_hybrid_adversarial_mean": 4105.666666666667,
  "tfw_hybrid_adversarial_std": 271.4866746136053,
  "tfw_gated_good_mean": 4236.541666666667,
  "tfw_gated_good_std": 85.73618746235286,
  "tfw_gated_neutral_mean": 4236.541666666667,
  "tfw_gated_neutral_std": 85.73618746235286,
  "tfw_gated_adversarial_mean": 4236.541666666667,
  "tfw_gated_adversarial_std": 85.73618746235286,
  "tfw_etc_good_mean": 4510.0,
  "tfw_etc_good_std": 179.0081368080185,
  "tfw_etc_neutral_mean": 4368.541666666667,
  "tfw_etc_neutral_std": 118.85723228590959,
  "tfw_etc_adversarial_mean": 4426.125,
  "tfw_etc_adversarial_std": 233.82886951228093,
  "tfw_baseline_good_mean": 4267.541666666667,
  "tfw_baseline_good_std": 117.58844189233339,
  "tfw_baseline_neutral_mean": 4267.541666666667,
  "tfw_baseline_neutral_std": 117.58844189233339,
  "tfw_baseline_adversarial_mean": 4267.541666666667,
  "tfw_baseline_adversarial_std": 117.58844189233339
}