{
  "n_off": [
    0,
    500,
    1000,
    2000,
    4000,
    6000,
    10000,
    15000
  ],
  "reward_model": "Bernoulli",
  "confidence_sets": "regression_Hoeffding",
  "confidence_delta": 0.05,
  "gamma_exp3": 0.01,
  "game_seed": 5621,
  "data_quality": "good",
  "tfw_baseline_mean": [
    5924.958333333333,
    5924.958333333333,
    5924.958333333333,
    5924.958333333333,
    5924.958333333333,
    5924.958333333333,
    5924.958333333333,
    5924.958333333333
  ],
  "tfw_baseline_std": [
    228.90846455499965,
    228.90846455499965,
    228.90846455499965,
    228.90846455499965,
    228.90846455499965,
    228.90846455499965,
    228.90846455499965,
    228.90846455499965
  ],
  "tfw_hybrid_mean": [
    5907.0,
    6196.541666666667,
    6199.916666666667,
    6084.5,
    6064.041666666667,
    6201.75,
    6074.416666666667,
    6116.625
  ],
  "tfw_hybrid_std": [
    286.3940732930612,
    261.4627713405896,
    430.0624743965206,
    463.3149928598206,
    380.96690249561243,
    254.0938289550604,
    284.53775124587247,
    306.47247021551544
  ],
  "tfw_gated_mean": [
    5949.333333333333,
    5888.541666666667,
    5907.0,
    5880.5,
    5883.125,
    5829.958333333333,
    5944.791666666667,
    5938.083333333333
  ],
  "tfw_gated_std": [
    282.13790440394433,
    258.57350803586013,
    286.3940732930612,
    231.84665096830145,
    279.20497574051376,
    251.15030648851572,
    199.5725822344095,
    260.99940307555704
  ],
  "tfw_etc_mean": [
    7396.5,
    7251.541666666667,
    7038.208333333333,
    6904.5,
    7051.041666666667,
    6584.583333333333,
    6186.541666666667,
    6063.041666666667
  ],
  "tfw_etc_std": [
    110.28658320386306,
    381.22992938379195,
    659.3248839049166,
    629.1663221037544,
    557.4130838206911,
    739.6680169929743,
    383.3474958001316,
    337.92827630657996
  ],
  "convergence_baseline_mean": [
    8000.0,
    8000.0,
    8000.0,
    8000.0,
    8000.0,
    8000.0,
    8000.0,
    8000.0
  ],
  "convergence_hybrid_mean": [
    8000.0,
    8000.0,
    7827.958333333333,
    7728.208333333333,
    7427.041666666667,
    7050.0,
    6359.541666666667,
    5090.375
  ],
  "theorem1_offline_transfer_rate_gated_mean": [
    NaN,
    0.0,
    0.0,
    0.0,
    0.0,
    0.0,
    0.0,
    0.0
  ],
  "offline_m0_nonempty_rate_gated_mean": [
    NaN,
    0.0,
    0.0,
    0.0,
    0.0,
    0.20833333333333334,
    0.75,
    0.9583333333333334
  ],
  "c_man_per_noff": {
    "500": {
      "c_man": 8.485281374238571,
      "lhs": 1.1384199576606167,
      "threshold": 0.0174042887623842
    },
    "1000": {
      "c_man": 8.485281374238571,
      "lhs": 0.8049844718999244,
      "threshold": 0.0174042887623842
    },
    "2000": {
      "c_man": 8.485281374238571,
      "lhs": 0.5692099788303083,
      "threshold": 0.0174042887623842
    },
    "4000": {
      "c_man": 8.485281374238571,
      "lhs": 0.4024922359499622,
      "threshold": 0.0174042887623842
    },
    "6000": {
      "c_man": 8.485281374238571,
      "lhs": 0.32863353450309973,
      "threshold": 0.0174042887623842
    },
    "10000": {
      "c_man": 8.48528137423857,
      "lhs": 0.2545584412271571,
      "threshold": 0.0174042887623842
    },
    "15000": {
      "c_man": 8.48528137423857,
      "lhs": 0.20784609690826525,
      "threshold": 0.0174042887623842
    }
  },
  "delta3": 0.0696171550495368
}