{
  "n_off_fixed": 2000,
  "game_seed": 5621,
  "tfw_hybrid_good_mean": 6279.0,
  "tfw_hybrid_good_std": 522.3539529609334,
  "tfw_hybrid_neutral_mean": 5796.541666666667,
  "tfw_hybrid_neutral_std": 478.66299110958124,
  "tfw_hybrid_adversarial_mean": 5551.458333333333,
  "tfw_hybrid_adversarial_std": 289.07678822892996,
  "tfw_gated_good_mean": 5889.583333333333,
  "tfw_gated_good_std": 213.40773725158274,
  "tfw_gated_neutral_mean": 5889.583333333333,
  "tfw_gated_neutral_std": 213.40773725158274,
  "tfw_gated_adversarial_mean": 5889.583333333333,
  "tfw_gated_adversarial_std": 213.40773725158274,
  "tfw_etc_good_mean": 6908.666666666667,
  "tfw_etc_good_std": 455.45234721067163,
  "tfw_etc_neutral_mean": 6565.0,
  "tfw_etc_neutral_std": 412.93182930378947,
  "tfw_etc_adversarial_mean": 6124.291666666667,
  "tfw_etc_adversarial_std": 736.9871970551377,
  "tfw_baseline_good_mean": 5847.833333333333,
  "tfw_baseline_good_std": 257.01322359257955,
  "tfw_baseline_neutral_mean": 5847.833333333333,
  "tfw_baseline_neutral_std": 257.01322359257955,
  "tfw_baseline_adversarial_mean": 5847.833333333333,
  "tfw_baseline_adversarial_std": 257.01322359257955
}