{
  "n_off": [
    0,
    200,
    500,
    1000,
    2000,
    3000,
    5000,
    8000
  ],
  "reward_model": "Bernoulli",
  "confidence_sets": "regression_Hoeffding",
  "confidence_delta": 0.05,
  "gamma_exp3": 0.01,
  "game_seed": 5466,
  "data_quality": "good",
  "tfw_baseline_mean": [
    1840.6666666666667,
    1840.6666666666667,
    1840.6666666666667,
    1840.6666666666667,
    1840.6666666666667,
    1840.6666666666667,
    1840.6666666666667,
    1840.6666666666667
  ],
  "tfw_baseline_std": [
    132.36368432291476,
    132.36368432291476,
    132.36368432291476,
    132.36368432291476,
    132.36368432291476,
    132.36368432291476,
    132.36368432291476,
    132.36368432291476
  ],
  "tfw_hybrid_mean": [
    1813.1666666666667,
    1770.7916666666667,
    962.1666666666666,
    23.833333333333332,
    225.29166666666666,
    315.0,
    326.2916666666667,
    293.4583333333333
  ],
  "tfw_hybrid_std": [
    117.16753767173725,
    180.9487025955547,
    896.4960615673652,
    76.09814410504296,
    168.68042312292064,
    99.98130259986223,
    84.42515551693093,
    76.6964537282706
  ],
  "tfw_gated_mean": [
    1799.0416666666667,
    1776.9583333333333,
    1813.1666666666667,
    1969.8333333333333,
    3070.125,
    4176.083333333333,
    3655.0,
    3340.75
  ],
  "tfw_gated_std": [
    163.58018354701574,
    157.8858914220803,
    117.16753767173725,
    706.2025615721134,
    1227.1678356032357,
    50.56800558066134,
    1411.9781991173265,
    1751.1474064539611
  ],
  "tfw_etc_mean": [
    4576.833333333333,
    4284.041666666667,
    1024.375,
    2567.4166666666665,
    3867.75,
    4180.25,
    3677.8333333333335,
    3360.75
  ],
  "tfw_etc_std": [
    23.07392028029587,
    1093.2081419687042,
    1432.1379521995898,
    1996.1959239179569,
    1192.573878852685,
    51.87212537870747,
    1421.0869283654026,
    1761.9631158849866
  ],
  "convergence_baseline_mean": [
    3131.2916666666665,
    3131.2916666666665,
    3131.2916666666665,
    3131.2916666666665,
    3131.2916666666665,
    3131.2916666666665,
    3131.2916666666665,
    3131.2916666666665
  ],
  "convergence_hybrid_mean": [
    3020.8333333333335,
    2880.1666666666665,
    1374.9166666666667,
    207.29166666666666,
    334.7083333333333,
    423.2916666666667,
    559.4583333333334,
    502.3333333333333
  ],
  "theorem1_offline_transfer_rate_gated_mean": [
    NaN,
    0.0,
    0.0,
    0.08333333333333333,
    0.5416666666666666,
    1.0,
    1.0,
    1.0
  ],
  "offline_m0_nonempty_rate_gated_mean": [
    NaN,
    0.0,
    0.5833333333333334,
    0.9166666666666666,
    1.0,
    1.0,
    1.0,
    1.0
  ],
  "c_man_per_noff": {
    "200": {
      "c_man": 5.656854249492381,
      "lhs": 0.8,
      "threshold": 0.1291127120612819
    },
    "500": {
      "c_man": 5.656854249492381,
      "lhs": 0.5059644256269408,
      "threshold": 0.1291127120612819
    },
    "1000": {
      "c_man": 5.656854249492381,
      "lhs": 0.35777087639996635,
      "threshold": 0.1291127120612819
    },
    "2000": {
      "c_man": 5.656854249492381,
      "lhs": 0.2529822128134704,
      "threshold": 0.1291127120612819
    },
    "3000": {
      "c_man": 5.656854249492381,
      "lhs": 0.2065591117977289,
      "threshold": 0.1291127120612819
    },
    "5000": {
      "c_man": 5.656854249492381,
      "lhs": 0.16,
      "threshold": 0.1291127120612819
    },
    "8000": {
      "c_man": 5.656854249492381,
      "lhs": 0.1264911064067352,
      "threshold": 0.1291127120612819
    }
  },
  "delta3": 0.5164508482451275
}