{
  "n_off_fixed": 1000,
  "game_seed": 5466,
  "tfw_hybrid_good_mean": 15.166666666666666,
  "tfw_hybrid_good_std": 69.86550225824689,
  "tfw_hybrid_neutral_mean": 3374.875,
  "tfw_hybrid_neutral_std": 1389.712742056711,
  "tfw_hybrid_adversarial_mean": 1393.6666666666667,
  "tfw_hybrid_adversarial_std": 171.80162135861607,
  "tfw_gated_good_mean": 1636.0,
  "tfw_gated_good_std": 527.9967885277828,
  "tfw_gated_neutral_mean": 1776.25,
  "tfw_gated_neutral_std": 163.19053947429992,
  "tfw_gated_adversarial_mean": 1776.25,
  "tfw_gated_adversarial_std": 163.19053947429992,
  "tfw_etc_good_mean": 2267.75,
  "tfw_etc_good_std": 2131.1861822652336,
  "tfw_etc_neutral_mean": 1223.0416666666667,
  "tfw_etc_neutral_std": 1947.1776783929822,
  "tfw_etc_adversarial_mean": 1477.875,
  "tfw_etc_adversarial_std": 813.6454901833182,
  "tfw_baseline_good_mean": 1792.0,
  "tfw_baseline_good_std": 112.51086904016836,
  "tfw_baseline_neutral_mean": 1792.0,
  "tfw_baseline_neutral_std": 112.51086904016836,
  "tfw_baseline_adversarial_mean": 1792.0,
  "tfw_baseline_adversarial_std": 112.51086904016836
}