{
  "n_off": [
    0,
    1000,
    2000,
    4000,
    8000,
    12000,
    20000,
    30000
  ],
  "reward_model": "Bernoulli",
  "confidence_sets": "regression_Hoeffding",
  "confidence_delta": 0.05,
  "gamma_exp3": 0.01,
  "game_seed": 3197,
  "data_quality": "good",
  "tfw_baseline_mean": [
    7494.791666666667,
    7494.791666666667,
    7494.791666666667,
    7494.791666666667,
    7494.791666666667,
    7494.791666666667,
    7494.791666666667,
    7494.791666666667
  ],
  "tfw_baseline_std": [
    692.7018920371764,
    692.7018920371764,
    692.7018920371764,
    692.7018920371764,
    692.7018920371764,
    692.7018920371764,
    692.7018920371764,
    692.7018920371764
  ],
  "tfw_hybrid_mean": [
    7626.75,
    5348.875,
    4337.333333333333,
    3559.7916666666665,
    2573.625,
    3215.125,
    2811.9583333333335,
    2908.0
  ],
  "tfw_hybrid_std": [
    825.6049297333441,
    2970.1750689508845,
    3908.9658108181156,
    4042.429478066986,
    1600.3530266108814,
    783.1711075465261,
    175.71950948740084,
    211.16035530414774
  ],
  "tfw_gated_mean": [
    7520.791666666667,
    7805.375,
    7626.75,
    7435.958333333333,
    7676.625,
    9344.333333333334,
    9340.791666666666,
    9269.458333333334
  ],
  "tfw_gated_std": [
    548.1223268075544,
    810.435031459889,
    825.6049297333441,
    749.1517800104018,
    978.1960243000999,
    1123.467755256665,
    446.05292912356276,
    225.04356663556942
  ],
  "tfw_etc_mean": [
    11768.166666666666,
    9791.041666666666,
    7004.875,
    7435.583333333333,
    10163.375,
    9958.416666666666,
    9438.75,
    9223.041666666666
  ],
  "tfw_etc_std": [
    24.62530806104665,
    2203.1936400552067,
    3258.8615685275877,
    4415.479735781996,
    177.91297640676197,
    380.2451059247314,
    415.96229448687126,
    204.7330136642793
  ],
  "convergence_baseline_mean": [
    12000.0,
    12000.0,
    12000.0,
    12000.0,
    12000.0,
    12000.0,
    12000.0,
    12000.0
  ],
  "convergence_hybrid_mean": [
    11875.375,
    6395.75,
    6016.541666666667,
    4937.416666666667,
    1885.6666666666667,
    1811.3333333333333,
    1276.25,
    1517.7916666666667
  ],
  "theorem1_offline_transfer_rate_gated_mean": [
    NaN,
    0.0,
    0.0,
    0.0,
    0.08333333333333333,
    0.7083333333333334,
    1.0,
    1.0
  ],
  "offline_m0_nonempty_rate_gated_mean": [
    NaN,
    0.0,
    0.125,
    0.8333333333333334,
    1.0,
    1.0,
    1.0,
    1.0
  ],
  "c_man_per_noff": {
    "1000": {
      "c_man": 11.313708498984761,
      "lhs": 1.4310835055998654,
      "threshold": 0.14918612281053853
    },
    "2000": {
      "c_man": 11.313708498984761,
      "lhs": 1.0119288512538815,
      "threshold": 0.14918612281053853
    },
    "4000": {
      "c_man": 11.313708498984761,
      "lhs": 0.7155417527999327,
      "threshold": 0.14918612281053853
    },
    "8000": {
      "c_man": 11.313708498984761,
      "lhs": 0.5059644256269408,
      "threshold": 0.14918612281053853
    },
    "12000": {
      "c_man": 11.313708498984761,
      "lhs": 0.4131182235954578,
      "threshold": 0.14918612281053853
    },
    "20000": {
      "c_man": 11.313708498984761,
      "lhs": 0.32,
      "threshold": 0.14918612281053853
    },
    "30000": {
      "c_man": 11.313708498984761,
      "lhs": 0.26127890589687236,
      "threshold": 0.14918612281053853
    }
  },
  "delta3": 0.5967444912421541
}