{
  "n_off_fixed": 4000,
  "game_seed": 3197,
  "tfw_hybrid_good_mean": 3995.4583333333335,
  "tfw_hybrid_good_std": 3879.9009958140477,
  "tfw_hybrid_neutral_mean": 8180.625,
  "tfw_hybrid_neutral_std": 3173.5812141531983,
  "tfw_hybrid_adversarial_mean": 7172.916666666667,
  "tfw_hybrid_adversarial_std": 634.6133993752942,
  "tfw_gated_good_mean": 7738.416666666667,
  "tfw_gated_good_std": 850.4606893078428,
  "tfw_gated_neutral_mean": 7738.416666666667,
  "tfw_gated_neutral_std": 850.4606893078428,
  "tfw_gated_adversarial_mean": 7738.416666666667,
  "tfw_gated_adversarial_std": 850.4606893078428,
  "tfw_etc_good_mean": 6063.5,
  "tfw_etc_good_std": 4795.998803350469,
  "tfw_etc_neutral_mean": 3025.375,
  "tfw_etc_neutral_std": 4598.359970519736,
  "tfw_etc_adversarial_mean": 8418.875,
  "tfw_etc_adversarial_std": 543.876369623449,
  "tfw_baseline_good_mean": 7517.0,
  "tfw_baseline_good_std": 759.6261666395375,
  "tfw_baseline_neutral_mean": 7517.0,
  "tfw_baseline_neutral_std": 759.6261666395375,
  "tfw_baseline_adversarial_mean": 7517.0,
  "tfw_baseline_adversarial_std": 759.6261666395375
}