{
  "n_off": [
    0,
    1000,
    2000,
    4000,
    8000,
    12000,
    20000,
    30000
  ],
  "reward_model": "Bernoulli",
  "confidence_sets": "regression_Hoeffding",
  "confidence_delta": 0.05,
  "gamma_exp3": 0.01,
  "game_seed": 7657,
  "data_quality": "good",
  "tfw_baseline_mean": [
    8866.416666666666,
    8866.416666666666,
    8866.416666666666,
    8866.416666666666,
    8866.416666666666,
    8866.416666666666,
    8866.416666666666,
    8866.416666666666
  ],
  "tfw_baseline_std": [
    941.4583930249395,
    941.4583930249395,
    941.4583930249395,
    941.4583930249395,
    941.4583930249395,
    941.4583930249395,
    941.4583930249395,
    941.4583930249395
  ],
  "tfw_hybrid_mean": [
    8881.166666666666,
    7970.708333333333,
    8493.208333333334,
    5160.541666666667,
    623.7916666666666,
    2801.375,
    5553.291666666667,
    5422.041666666667
  ],
  "tfw_hybrid_std": [
    829.625408748177,
    3356.4515227059906,
    3022.534294827074,
    4698.979306182092,
    1790.3824458858592,
    2392.0972027018283,
    587.0343652755712,
    490.2919697279471
  ],
  "tfw_gated_mean": [
    8919.541666666666,
    9027.0,
    8881.166666666666,
    8487.458333333334,
    7019.25,
    9326.333333333334,
    9014.875,
    5858.208333333333
  ],
  "tfw_gated_std": [
    893.0039670376204,
    895.9461358033024,
    829.625408748177,
    1832.3545788237147,
    4721.349606700996,
    3456.2106626951336,
    2704.625093564565,
    4726.477049826459
  ],
  "tfw_etc_mean": [
    12000.0,
    11147.375,
    9810.208333333334,
    2076.9166666666665,
    6995.291666666667,
    9323.625,
    9038.0,
    5883.375
  ],
  "tfw_etc_std": [
    0.0,
    1546.822460021216,
    3143.839953045053,
    3322.65653168308,
    4966.166665146719,
    3453.8726822850294,
    2702.7975362093125,
    4740.885340290631
  ],
  "convergence_baseline_mean": [
    11973.416666666666,
    11973.416666666666,
    11973.416666666666,
    11973.416666666666,
    11973.416666666666,
    11973.416666666666,
    11973.416666666666,
    11973.416666666666
  ],
  "convergence_hybrid_mean": [
    11955.083333333334,
    7772.208333333333,
    7985.541666666667,
    2585.2083333333335,
    227.29166666666666,
    624.0,
    1159.7083333333333,
    652.2916666666666
  ],
  "theorem1_offline_transfer_rate_gated_mean": [
    NaN,
    0.0,
    0.0,
    0.041666666666666664,
    0.8333333333333334,
    1.0,
    1.0,
    1.0
  ],
  "offline_m0_nonempty_rate_gated_mean": [
    NaN,
    0.0,
    0.041666666666666664,
    0.875,
    1.0,
    1.0,
    1.0,
    1.0
  ],
  "c_man_per_noff": {
    "1000": {
      "c_man": 11.313708498984761,
      "lhs": 1.4310835055998654,
      "threshold": 0.19600027112837368
    },
    "2000": {
      "c_man": 11.313708498984761,
      "lhs": 1.0119288512538815,
      "threshold": 0.19600027112837368
    },
    "4000": {
      "c_man": 11.313708498984761,
      "lhs": 0.7155417527999327,
      "threshold": 0.19600027112837368
    },
    "8000": {
      "c_man": 11.313708498984761,
      "lhs": 0.5059644256269408,
      "threshold": 0.19600027112837368
    },
    "12000": {
      "c_man": 11.313708498984761,
      "lhs": 0.4131182235954578,
      "threshold": 0.19600027112837368
    },
    "20000": {
      "c_man": 11.313708498984761,
      "lhs": 0.32,
      "threshold": 0.19600027112837368
    },
    "30000": {
      "c_man": 11.313708498984761,
      "lhs": 0.26127890589687236,
      "threshold": 0.19600027112837368
    }
  },
  "delta3": 0.7840010845134947
}