{
  "n_off_fixed": 4000,
  "game_seed": 7657,
  "tfw_hybrid_good_mean": 5719.666666666667,
  "tfw_hybrid_good_std": 4434.139636822523,
  "tfw_hybrid_neutral_mean": 4284.625,
  "tfw_hybrid_neutral_std": 2903.325436872571,
  "tfw_hybrid_adversarial_mean": 7655.125,
  "tfw_hybrid_adversarial_std": 989.1781970073858,
  "tfw_gated_good_mean": 8884.75,
  "tfw_gated_good_std": 861.0870909849186,
  "tfw_gated_neutral_mean": 8884.75,
  "tfw_gated_neutral_std": 861.0870909849186,
  "tfw_gated_adversarial_mean": 8884.75,
  "tfw_gated_adversarial_std": 861.0870909849186,
  "tfw_etc_good_mean": 2048.4166666666665,
  "tfw_etc_good_std": 3275.664020525048,
  "tfw_etc_neutral_mean": 949.25,
  "tfw_etc_neutral_std": 2014.8028115836094,
  "tfw_etc_adversarial_mean": 7669.291666666667,
  "tfw_etc_adversarial_std": 1814.8229397206305,
  "tfw_baseline_good_mean": 9105.25,
  "tfw_baseline_good_std": 886.5689237288543,
  "tfw_baseline_neutral_mean": 9105.25,
  "tfw_baseline_neutral_std": 886.5689237288543,
  "tfw_baseline_adversarial_mean": 9105.25,
  "tfw_baseline_adversarial_std": 886.5689237288543
}